Node_ID,name,location,sku,sku_type,is_customer_facing,holdcost,leadtime,service_level,replenishment_cycle
0,CDC01_SKU001,CDC01,SKU001,FG,True,13.604,7,0.98,28
1,CDC01_SKU002,CDC01,SKU002,FG,True,50.282,7,0.98,28
2,CDC01_SKU003,CDC01,SKU003,FG,True,77.556,7,0.98,14
3,CDC01_SKU004,CDC01,SKU004,FG,True,33.593,7,0.98,14
4,CDC01_SKU005,CDC01,SKU005,FG,True,35.591,7,0.98,14
5,CDC01_SKU006,CDC01,SKU006,FG,True,25.946,7,0.98,14
6,CDC01_SKU007,CDC01,SKU007,FG,True,61.998,7,0.98,14
7,CDC01_SKU008,CDC01,SKU008,FG,True,13.579,7,0.98,14
8,CDC01_SKU009,CDC01,SKU009,FG,True,40.581,7,0.98,28
9,CDC01_SKU010,CDC01,SKU010,FG,True,28.509,7,0.98,28
10,CDC01_SKU011,CDC01,SKU011,FG,True,36.96,7,0.98,28
11,CDC01_SKU012,CDC01,SKU012,FG,True,17.962,7,0.98,14
12,CDC01_SKU013,CDC01,SKU013,FG,True,29.962,7,0.98,14
13,CDC01_SKU014,CDC01,SKU014,FG,True,34.936,7,0.98,14
14,CDC01_SKU015,CDC01,SKU015,FG,True,84.252,7,0.98,28
15,CDC01_SKU016,CDC01,SKU016,FG,True,16.38,7,0.98,28
16,CDC01_SKU017,CDC01,SKU017,FG,True,30.5,7,0.98,28
17,CDC01_SKU018,CDC01,SKU018,FG,True,43.04,7,0.98,28
18,CDC01_SKU019,CDC01,SKU019,FG,True,39.035,7,0.98,14
19,CDC01_SKU020,CDC01,SKU020,FG,True,29.572,7,0.98,14
20,CDC01_SKU021,CDC01,SKU021,FG,True,30.954,7,0.98,28
21,CDC01_SKU022,CDC01,SKU022,FG,True,29.918,7,0.98,14
22,CDC01_SKU023,CDC01,SKU023,FG,True,49.763,7,0.98,14
23,CDC01_SKU024,CDC01,SKU024,FG,True,27.871,7,0.98,28
24,CDC01_SKU025,CDC01,SKU025,FG,True,27.652,7,0.98,28
25,CDC01_SKU026,CDC01,SKU026,FG,True,16.856,7,0.98,14
26,CDC01_SKU027,CDC01,SKU027,FG,True,33.09,7,0.98,28
27,CDC01_SKU028,CDC01,SKU028,FG,True,26.408,7,0.98,28
28,CDC01_SKU029,CDC01,SKU029,FG,True,20.984,7,0.98,14
29,CDC01_SKU030,CDC01,SKU030,FG,True,24.55,7,0.98,28
30,CDC01_SKU031,CDC01,SKU031,FG,True,29.375,7,0.98,28
31,CDC01_SKU032,CDC01,SKU032,FG,True,59.721,7,0.98,14
32,CDC01_SKU033,CDC01,SKU033,FG,True,36.752,7,0.98,14
33,CDC01_SKU034,CDC01,SKU034,FG,True,58.528,7,0.98,28
34,CDC01_SKU035,CDC01,SKU035,FG,True,40.399,7,0.98,14
35,CDC01_SKU036,CDC01,SKU036,FG,True,70.294,7,0.98,14
36,CDC01_SKU037,CDC01,SKU037,FG,True,56.461,7,0.98,28
37,CDC01_SKU038,CDC01,SKU038,FG,True,18.456,7,0.98,14
38,CDC01_SKU039,CDC01,SKU039,FG,True,29.472,7,0.98,28
39,CDC01_SKU040,CDC01,SKU040,FG,True,33.01,7,0.98,28
40,CDC01_SKU041,CDC01,SKU041,FG,True,33.321,7,0.98,14
41,CDC01_SKU042,CDC01,SKU042,FG,True,49.07,7,0.98,28
42,CDC01_SKU043,CDC01,SKU043,FG,True,21.864,7,0.98,28
43,CDC01_SKU044,CDC01,SKU044,FG,True,18.34,7,0.98,14
44,CDC01_SKU046,CDC01,SKU046,FG,True,30.92,7,0.98,14
45,CDC01_SKU047,CDC01,SKU047,FG,True,39.076,7,0.98,28
46,CDC01_SKU048,CDC01,SKU048,FG,True,56.044,7,0.98,28
47,CDC01_SKU050,CDC01,SKU050,FG,True,50.531,7,0.98,14
48,CDC01_SKU051,CDC01,SKU051,FG,True,43.046,7,0.98,28
49,CDC01_SKU052,CDC01,SKU052,FG,True,16.267,7,0.98,14
50,CDC01_SKU053,CDC01,SKU053,FG,True,27.99,7,0.98,14
51,CDC01_SKU054,CDC01,SKU054,FG,True,28.678,7,0.98,14
52,CDC01_SKU055,CDC01,SKU055,FG,True,26.068,7,0.98,14
53,CDC01_SKU056,CDC01,SKU056,FG,True,37.267,7,0.98,28
54,CDC01_SKU057,CDC01,SKU057,FG,True,19.508,7,0.98,14
55,CDC01_SKU058,CDC01,SKU058,FG,True,31.896,7,0.98,28
56,CDC01_SKU059,CDC01,SKU059,FG,True,40.722,7,0.98,14
57,CDC01_SKU062,CDC01,SKU062,FG,True,67.905,7,0.98,28
58,CDC01_SKU063,CDC01,SKU063,FG,True,49.569,7,0.98,14
59,CDC01_SKU064,CDC01,SKU064,FG,True,11.436,7,0.98,28
60,CDC01_SKU065,CDC01,SKU065,FG,True,21.27,7,0.98,14
61,CDC01_SKU066,CDC01,SKU066,FG,True,49.632,7,0.98,14
62,CDC01_SKU067,CDC01,SKU067,FG,True,9.924,7,0.98,28
63,CDC01_SKU068,CDC01,SKU068,FG,True,23.317,7,0.98,28
64,CDC01_SKU069,CDC01,SKU069,FG,True,30.316,7,0.98,28
65,CDC01_SKU070,CDC01,SKU070,FG,True,23.933,7,0.98,14
66,CDC01_SKU071,CDC01,SKU071,FG,True,30.156,7,0.98,14
67,CDC01_SKU072,CDC01,SKU072,FG,True,49.319,7,0.98,28
68,CDC01_SKU074,CDC01,SKU074,FG,True,32.007,7,0.98,14
69,CDC01_SKU075,CDC01,SKU075,FG,True,34.573,7,0.98,28
70,CDC01_SKU076,CDC01,SKU076,FG,True,24.728,7,0.98,14
71,CDC01_SKU077,CDC01,SKU077,FG,True,16.393,7,0.98,28
72,CDC01_SKU078,CDC01,SKU078,FG,True,18.608,7,0.98,14
73,CDC01_SKU079,CDC01,SKU079,FG,True,41.142,7,0.98,14
74,CDC01_SKU080,CDC01,SKU080,FG,True,29.601,7,0.98,14
75,CDC01_SKU081,CDC01,SKU081,FG,True,22.87,7,0.98,28
76,CDC01_SKU082,CDC01,SKU082,FG,True,44.987,7,0.98,28
77,CDC01_SKU083,CDC01,SKU083,FG,True,21.297,7,0.98,14
78,CDC01_SKU084,CDC01,SKU084,FG,True,20.196,7,0.98,14
79,CDC01_SKU085,CDC01,SKU085,FG,True,53.723,7,0.98,14
80,CDC01_SKU086,CDC01,SKU086,FG,True,49.308,7,0.98,14
81,CDC01_SKU087,CDC01,SKU087,FG,True,26.775,7,0.98,14
82,CDC01_SKU088,CDC01,SKU088,FG,True,33.207,7,0.98,14
83,CDC01_SKU089,CDC01,SKU089,FG,True,34.969,7,0.98,28
84,CDC01_SKU090,CDC01,SKU090,FG,True,17.733,7,0.98,14
85,CDC01_SKU091,CDC01,SKU091,FG,True,31.988,7,0.98,28
86,CDC01_SKU092,CDC01,SKU092,FG,True,42.044,7,0.98,28
87,CDC01_SKU093,CDC01,SKU093,FG,True,50.689,7,0.98,14
88,CDC01_SKU094,CDC01,SKU094,FG,True,32.919,7,0.98,28
89,CDC01_SKU095,CDC01,SKU095,FG,True,19.754,7,0.98,28
90,CDC01_SKU096,CDC01,SKU096,FG,True,37.05,7,0.98,14
91,CDC01_SKU097,CDC01,SKU097,FG,True,29.544,7,0.98,28
92,CDC01_SKU098,CDC01,SKU098,FG,True,33.857,7,0.98,28
93,CDC01_SKU099,CDC01,SKU099,FG,True,36.524,7,0.98,28
94,CDC01_SKU100,CDC01,SKU100,FG,True,16.197,7,0.98,14
95,CDC02_SKU001,CDC02,SKU001,FG,True,13.604,7,0.98,28
96,CDC02_SKU002,CDC02,SKU002,FG,True,50.282,7,0.98,14
97,CDC02_SKU003,CDC02,SKU003,FG,True,77.556,7,0.98,28
98,CDC02_SKU004,CDC02,SKU004,FG,True,33.593,7,0.98,28
99,CDC02_SKU005,CDC02,SKU005,FG,True,35.591,7,0.98,14
100,CDC02_SKU006,CDC02,SKU006,FG,True,25.946,7,0.98,28
101,CDC02_SKU007,CDC02,SKU007,FG,True,61.998,7,0.98,28
102,CDC02_SKU008,CDC02,SKU008,FG,True,13.579,7,0.98,14
103,CDC02_SKU009,CDC02,SKU009,FG,True,40.581,7,0.98,28
104,CDC02_SKU010,CDC02,SKU010,FG,True,28.509,7,0.98,14
105,CDC02_SKU011,CDC02,SKU011,FG,True,36.96,7,0.98,28
106,CDC02_SKU012,CDC02,SKU012,FG,True,17.962,7,0.98,14
107,CDC02_SKU013,CDC02,SKU013,FG,True,29.962,7,0.98,14
108,CDC02_SKU014,CDC02,SKU014,FG,True,34.936,7,0.98,28
109,CDC02_SKU015,CDC02,SKU015,FG,True,84.252,7,0.98,14
110,CDC02_SKU016,CDC02,SKU016,FG,True,16.38,7,0.98,28
111,CDC02_SKU019,CDC02,SKU019,FG,True,39.035,7,0.98,28
112,CDC02_SKU020,CDC02,SKU020,FG,True,29.572,7,0.98,14
113,CDC02_SKU021,CDC02,SKU021,FG,True,30.954,7,0.98,28
114,CDC02_SKU022,CDC02,SKU022,FG,True,29.918,7,0.98,14
115,CDC02_SKU023,CDC02,SKU023,FG,True,49.763,7,0.98,14
116,CDC02_SKU024,CDC02,SKU024,FG,True,27.871,7,0.98,14
117,CDC02_SKU025,CDC02,SKU025,FG,True,27.652,7,0.98,28
118,CDC02_SKU026,CDC02,SKU026,FG,True,16.856,7,0.98,28
119,CDC02_SKU027,CDC02,SKU027,FG,True,33.09,7,0.98,14
120,CDC02_SKU028,CDC02,SKU028,FG,True,26.408,7,0.98,14
121,CDC02_SKU029,CDC02,SKU029,FG,True,20.984,7,0.98,28
122,CDC02_SKU030,CDC02,SKU030,FG,True,24.55,7,0.98,28
123,CDC02_SKU031,CDC02,SKU031,FG,True,29.375,7,0.98,14
124,CDC02_SKU032,CDC02,SKU032,FG,True,59.721,7,0.98,28
125,CDC02_SKU033,CDC02,SKU033,FG,True,36.752,7,0.98,14
126,CDC02_SKU034,CDC02,SKU034,FG,True,58.528,7,0.98,28
127,CDC02_SKU035,CDC02,SKU035,FG,True,40.399,7,0.98,28
128,CDC02_SKU036,CDC02,SKU036,FG,True,70.294,7,0.98,28
129,CDC02_SKU038,CDC02,SKU038,FG,True,18.456,7,0.98,28
130,CDC02_SKU039,CDC02,SKU039,FG,True,29.472,7,0.98,28
131,CDC02_SKU040,CDC02,SKU040,FG,True,33.01,7,0.98,28
132,CDC02_SKU041,CDC02,SKU041,FG,True,33.321,7,0.98,28
133,CDC02_SKU042,CDC02,SKU042,FG,True,49.07,7,0.98,14
134,CDC02_SKU043,CDC02,SKU043,FG,True,21.864,7,0.98,14
135,CDC02_SKU044,CDC02,SKU044,FG,True,18.34,7,0.98,14
136,CDC02_SKU045,CDC02,SKU045,FG,True,63.859,7,0.98,28
137,CDC02_SKU046,CDC02,SKU046,FG,True,30.92,7,0.98,14
138,CDC02_SKU047,CDC02,SKU047,FG,True,39.076,7,0.98,28
139,CDC02_SKU048,CDC02,SKU048,FG,True,56.044,7,0.98,14
140,CDC02_SKU049,CDC02,SKU049,FG,True,65.562,7,0.98,28
141,CDC02_SKU050,CDC02,SKU050,FG,True,50.531,7,0.98,28
142,CDC02_SKU051,CDC02,SKU051,FG,True,43.046,7,0.98,28
143,CDC02_SKU052,CDC02,SKU052,FG,True,16.267,7,0.98,14
144,CDC02_SKU053,CDC02,SKU053,FG,True,27.99,7,0.98,14
145,CDC02_SKU054,CDC02,SKU054,FG,True,28.678,7,0.98,28
146,CDC02_SKU055,CDC02,SKU055,FG,True,26.068,7,0.98,14
147,CDC02_SKU056,CDC02,SKU056,FG,True,37.267,7,0.98,28
148,CDC02_SKU057,CDC02,SKU057,FG,True,19.508,7,0.98,28
149,CDC02_SKU058,CDC02,SKU058,FG,True,31.896,7,0.98,28
150,CDC02_SKU059,CDC02,SKU059,FG,True,40.722,7,0.98,14
151,CDC02_SKU060,CDC02,SKU060,FG,True,36.835,7,0.98,28
152,CDC02_SKU061,CDC02,SKU061,FG,True,45.337,7,0.98,28
153,CDC02_SKU062,CDC02,SKU062,FG,True,67.905,7,0.98,14
154,CDC02_SKU063,CDC02,SKU063,FG,True,49.569,7,0.98,14
155,CDC02_SKU064,CDC02,SKU064,FG,True,11.436,7,0.98,28
156,CDC02_SKU065,CDC02,SKU065,FG,True,21.27,7,0.98,28
157,CDC02_SKU066,CDC02,SKU066,FG,True,49.632,7,0.98,28
158,CDC02_SKU067,CDC02,SKU067,FG,True,9.924,7,0.98,14
159,CDC02_SKU069,CDC02,SKU069,FG,True,30.316,7,0.98,14
160,CDC02_SKU070,CDC02,SKU070,FG,True,23.933,7,0.98,28
161,CDC02_SKU071,CDC02,SKU071,FG,True,30.156,7,0.98,28
162,CDC02_SKU072,CDC02,SKU072,FG,True,49.319,7,0.98,28
163,CDC02_SKU073,CDC02,SKU073,FG,True,37.034,7,0.98,14
164,CDC02_SKU074,CDC02,SKU074,FG,True,32.007,7,0.98,14
165,CDC02_SKU075,CDC02,SKU075,FG,True,34.573,7,0.98,28
166,CDC02_SKU076,CDC02,SKU076,FG,True,24.728,7,0.98,28
167,CDC02_SKU077,CDC02,SKU077,FG,True,16.393,7,0.98,28
168,CDC02_SKU079,CDC02,SKU079,FG,True,41.142,7,0.98,28
169,CDC02_SKU080,CDC02,SKU080,FG,True,29.601,7,0.98,28
170,CDC02_SKU081,CDC02,SKU081,FG,True,22.87,7,0.98,28
171,CDC02_SKU082,CDC02,SKU082,FG,True,44.987,7,0.98,14
172,CDC02_SKU084,CDC02,SKU084,FG,True,20.196,7,0.98,14
173,CDC02_SKU085,CDC02,SKU085,FG,True,53.723,7,0.98,14
174,CDC02_SKU086,CDC02,SKU086,FG,True,49.308,7,0.98,14
175,CDC02_SKU087,CDC02,SKU087,FG,True,26.775,7,0.98,14
176,CDC02_SKU089,CDC02,SKU089,FG,True,34.969,7,0.98,28
177,CDC02_SKU090,CDC02,SKU090,FG,True,17.733,7,0.98,14
178,CDC02_SKU091,CDC02,SKU091,FG,True,31.988,7,0.98,14
179,CDC02_SKU092,CDC02,SKU092,FG,True,42.044,7,0.98,14
180,CDC02_SKU093,CDC02,SKU093,FG,True,50.689,7,0.98,14
181,CDC02_SKU094,CDC02,SKU094,FG,True,32.919,7,0.98,28
182,CDC02_SKU095,CDC02,SKU095,FG,True,19.754,7,0.98,28
183,CDC02_SKU096,CDC02,SKU096,FG,True,37.05,7,0.98,28
184,CDC02_SKU097,CDC02,SKU097,FG,True,29.544,7,0.98,14
185,CDC02_SKU098,CDC02,SKU098,FG,True,33.857,7,0.98,14
186,CDC02_SKU099,CDC02,SKU099,FG,True,36.524,7,0.98,28
187,CDC02_SKU100,CDC02,SKU100,FG,True,16.197,7,0.98,14
188,IDC01_PM002,IDC01,PM002,RM,False,0.8303,1,0.98,1
189,IDC01_PM003,IDC01,PM003,RM,False,0.8832,1,0.98,1
190,IDC01_PM004,IDC01,PM004,RM,False,0.8632,1,0.98,1
191,IDC01_PM005,IDC01,PM005,RM,False,0.6204,1,0.98,1
192,IDC01_PM006,IDC01,PM006,RM,False,1.1172,1,0.98,1
193,IDC01_PM007,IDC01,PM007,RM,False,1.8342,1,0.98,1
194,IDC01_PM009,IDC01,PM009,RM,False,1.9625,1,0.98,1
195,IDC01_PM010,IDC01,PM010,RM,False,0.6953,1,0.98,1
196,IDC01_PM011,IDC01,PM011,RM,False,1.2106,1,0.98,1
197,IDC01_PM012,IDC01,PM012,RM,False,0.5248,1,0.98,1
198,IDC01_PM013,IDC01,PM013,RM,False,0.2294,1,0.98,1
199,IDC01_PM014,IDC01,PM014,RM,False,0.4183,1,0.98,1
200,IDC01_PM015,IDC01,PM015,RM,False,1.0233,1,0.98,1
201,IDC01_PM016,IDC01,PM016,RM,False,0.5898,1,0.98,1
202,IDC01_PM017,IDC01,PM017,RM,False,0.6092,1,0.98,1
203,IDC01_PM018,IDC01,PM018,RM,False,1.2624,1,0.98,1
204,IDC01_PM019,IDC01,PM019,RM,False,0.7154,1,0.98,1
205,IDC01_PM020,IDC01,PM020,RM,False,1.5224,1,0.98,1
206,IDC01_PM021,IDC01,PM021,RM,False,0.2289,1,0.98,1
207,IDC01_PM022,IDC01,PM022,RM,False,1.7367,1,0.98,1
208,IDC01_PM023,IDC01,PM023,RM,False,1.1044,1,0.98,1
209,IDC01_PM024,IDC01,PM024,RM,False,1.6057,1,0.98,1
210,IDC01_PM026,IDC01,PM026,RM,False,0.1403,1,0.98,1
211,IDC01_PM027,IDC01,PM027,RM,False,1.597,1,0.98,1
212,IDC01_PM028,IDC01,PM028,RM,False,1.2168,1,0.98,1
213,IDC01_PM029,IDC01,PM029,RM,False,1.5142,1,0.98,1
214,IDC01_PM031,IDC01,PM031,RM,False,1.0716,1,0.98,1
215,IDC01_PM033,IDC01,PM033,RM,False,0.5644,1,0.98,1
216,IDC01_PM035,IDC01,PM035,RM,False,1.3892,1,0.98,1
217,IDC01_PM036,IDC01,PM036,RM,False,0.638,1,0.98,1
218,IDC01_PM037,IDC01,PM037,RM,False,1.353,1,0.98,1
219,IDC01_PM038,IDC01,PM038,RM,False,1.368,1,0.98,1
220,IDC01_PM039,IDC01,PM039,RM,False,1.3161,1,0.98,1
221,IDC01_PM040,IDC01,PM040,RM,False,1.1986,1,0.98,1
222,IDC01_PM041,IDC01,PM041,RM,False,1.7861,1,0.98,1
223,IDC01_PM042,IDC01,PM042,RM,False,1.8191,1,0.98,1
224,IDC01_PM043,IDC01,PM043,RM,False,0.3528,1,0.98,1
225,IDC01_PM044,IDC01,PM044,RM,False,1.6468,1,0.98,1
226,IDC01_PM045,IDC01,PM045,RM,False,0.2962,1,0.98,1
227,IDC01_PM046,IDC01,PM046,RM,False,0.2535,1,0.98,1
228,IDC01_PM047,IDC01,PM047,RM,False,0.877,1,0.98,1
229,IDC01_PM048,IDC01,PM048,RM,False,0.9131,1,0.98,1
230,IDC01_PM051,IDC01,PM051,RM,False,1.0449,1,0.98,1
231,IDC01_PM053,IDC01,PM053,RM,False,0.297,1,0.98,1
232,IDC01_PM054,IDC01,PM054,RM,False,1.0171,1,0.98,1
233,IDC01_PM057,IDC01,PM057,RM,False,1.9633,1,0.98,1
234,IDC01_PM058,IDC01,PM058,RM,False,1.5121,1,0.98,1
235,IDC01_PM059,IDC01,PM059,RM,False,1.1432,1,0.98,1
236,IDC01_PM061,IDC01,PM061,RM,False,0.6609,1,0.98,1
237,IDC01_PM062,IDC01,PM062,RM,False,0.9912,1,0.98,1
238,IDC01_PM063,IDC01,PM063,RM,False,1.7388,1,0.98,1
239,IDC01_PM064,IDC01,PM064,RM,False,0.126,1,0.98,1
240,IDC01_PM065,IDC01,PM065,RM,False,1.6641,1,0.98,1
241,IDC01_PM066,IDC01,PM066,RM,False,1.0397,1,0.98,1
242,IDC01_PM069,IDC01,PM069,RM,False,1.4069,1,0.98,1
243,IDC01_PM072,IDC01,PM072,RM,False,1.6178,1,0.98,1
244,IDC01_PM073,IDC01,PM073,RM,False,0.6619,1,0.98,1
245,IDC01_PM074,IDC01,PM074,RM,False,1.5186,1,0.98,1
246,IDC01_PM075,IDC01,PM075,RM,False,1.4343,1,0.98,1
247,IDC01_PM076,IDC01,PM076,RM,False,1.7004,1,0.98,1
248,IDC01_PM077,IDC01,PM077,RM,False,1.7945,1,0.98,1
249,IDC01_PM078,IDC01,PM078,RM,False,0.1477,1,0.98,1
250,IDC01_PM080,IDC01,PM080,RM,False,0.236,1,0.98,1
251,IDC01_PM083,IDC01,PM083,RM,False,1.9945,1,0.98,1
252,IDC01_PM084,IDC01,PM084,RM,False,0.954,1,0.98,1
253,IDC01_PM085,IDC01,PM085,RM,False,1.5111,1,0.98,1
254,IDC01_PM086,IDC01,PM086,RM,False,1.9518,1,0.98,1
255,IDC01_PM087,IDC01,PM087,RM,False,1.9239,1,0.98,1
256,IDC01_PM088,IDC01,PM088,RM,False,1.1939,1,0.98,1
257,IDC01_PM089,IDC01,PM089,RM,False,1.474,1,0.98,1
258,IDC01_PM091,IDC01,PM091,RM,False,0.7633,1,0.98,1
259,IDC01_PM092,IDC01,PM092,RM,False,1.5106,1,0.98,1
260,IDC01_PM093,IDC01,PM093,RM,False,0.2616,1,0.98,1
261,IDC01_PM095,IDC01,PM095,RM,False,1.3723,1,0.98,1
262,IDC01_PM096,IDC01,PM096,RM,False,0.6748,1,0.98,1
263,IDC01_PM098,IDC01,PM098,RM,False,0.1581,1,0.98,1
264,IDC01_PM099,IDC01,PM099,RM,False,1.0262,1,0.98,1
265,IDC01_PM100,IDC01,PM100,RM,False,0.6209,1,0.98,1
266,IDC01_RM001,IDC01,RM001,RM,False,0.9876,1,0.98,1
267,IDC01_RM003,IDC01,RM003,RM,False,0.2109,1,0.98,1
268,IDC01_RM004,IDC01,RM004,RM,False,0.9001,1,0.98,1
269,IDC01_RM006,IDC01,RM006,RM,False,0.2375,1,0.98,1
270,IDC01_RM008,IDC01,RM008,RM,False,0.7535,1,0.98,1
271,IDC01_RM009,IDC01,RM009,RM,False,0.7167,1,0.98,1
272,IDC01_RM011,IDC01,RM011,RM,False,1.5057,1,0.98,1
273,IDC01_RM012,IDC01,RM012,RM,False,0.5403,1,0.98,1
274,IDC01_RM013,IDC01,RM013,RM,False,1.2487,1,0.98,1
275,IDC01_RM014,IDC01,RM014,RM,False,1.9454,1,0.98,1
276,IDC01_RM015,IDC01,RM015,RM,False,0.2839,1,0.98,1
277,IDC01_RM017,IDC01,RM017,RM,False,0.3925,1,0.98,1
278,IDC01_RM018,IDC01,RM018,RM,False,0.3739,1,0.98,1
279,IDC01_RM019,IDC01,RM019,RM,False,1.5272,1,0.98,1
280,IDC01_RM020,IDC01,RM020,RM,False,0.2655,1,0.98,1
281,IDC01_RM021,IDC01,RM021,RM,False,0.3731,1,0.98,1
282,IDC01_RM022,IDC01,RM022,RM,False,0.6943,1,0.98,1
283,IDC01_RM023,IDC01,RM023,RM,False,1.5458,1,0.98,1
284,IDC01_RM024,IDC01,RM024,RM,False,0.8879,1,0.98,1
285,IDC01_RM025,IDC01,RM025,RM,False,1.4221,1,0.98,1
286,IDC01_RM026,IDC01,RM026,RM,False,0.6973,1,0.98,1
287,IDC01_RM027,IDC01,RM027,RM,False,0.6445,1,0.98,1
288,IDC01_RM028,IDC01,RM028,RM,False,0.1013,1,0.98,1
289,IDC01_RM029,IDC01,RM029,RM,False,1.1991,1,0.98,1
290,IDC01_RM030,IDC01,RM030,RM,False,1.6941,1,0.98,1
291,IDC01_RM031,IDC01,RM031,RM,False,0.7866,1,0.98,1
292,IDC01_RM032,IDC01,RM032,RM,False,1.4522,1,0.98,1
293,IDC01_RM033,IDC01,RM033,RM,False,1.3899,1,0.98,1
294,IDC01_RM034,IDC01,RM034,RM,False,1.929,1,0.98,1
295,IDC01_RM035,IDC01,RM035,RM,False,1.6503,1,0.98,1
296,IDC01_RM037,IDC01,RM037,RM,False,1.9247,1,0.98,1
297,IDC01_RM038,IDC01,RM038,RM,False,0.5285,1,0.98,1
298,IDC01_RM039,IDC01,RM039,RM,False,1.091,1,0.98,1
299,IDC01_RM040,IDC01,RM040,RM,False,1.4144,1,0.98,1
300,IDC01_RM041,IDC01,RM041,RM,False,1.0455,1,0.98,1
301,IDC01_RM042,IDC01,RM042,RM,False,1.2139,1,0.98,1
302,IDC01_RM043,IDC01,RM043,RM,False,1.5075,1,0.98,1
303,IDC01_RM044,IDC01,RM044,RM,False,0.8506,1,0.98,1
304,IDC01_RM046,IDC01,RM046,RM,False,1.2786,1,0.98,1
305,IDC01_RM047,IDC01,RM047,RM,False,1.1205,1,0.98,1
306,IDC01_RM048,IDC01,RM048,RM,False,0.116,1,0.98,1
307,IDC01_RM049,IDC01,RM049,RM,False,1.4091,1,0.98,1
308,IDC01_RM050,IDC01,RM050,RM,False,0.6331,1,0.98,1
309,IDC01_RM051,IDC01,RM051,RM,False,1.469,1,0.98,1
310,IDC01_RM052,IDC01,RM052,RM,False,0.2446,1,0.98,1
311,IDC01_RM053,IDC01,RM053,RM,False,1.423,1,0.98,1
312,IDC01_RM054,IDC01,RM054,RM,False,0.792,1,0.98,1
313,IDC01_RM055,IDC01,RM055,RM,False,1.6291,1,0.98,1
314,IDC01_RM057,IDC01,RM057,RM,False,1.2731,1,0.98,1
315,IDC01_RM059,IDC01,RM059,RM,False,0.4919,1,0.98,1
316,IDC01_RM060,IDC01,RM060,RM,False,0.8648,1,0.98,1
317,IDC01_RM061,IDC01,RM061,RM,False,0.1839,1,0.98,1
318,IDC01_RM062,IDC01,RM062,RM,False,1.797,1,0.98,1
319,IDC01_RM063,IDC01,RM063,RM,False,1.2568,1,0.98,1
320,IDC01_RM064,IDC01,RM064,RM,False,0.1869,1,0.98,1
321,IDC01_RM065,IDC01,RM065,RM,False,1.7028,1,0.98,1
322,IDC01_RM066,IDC01,RM066,RM,False,0.5246,1,0.98,1
323,IDC01_RM067,IDC01,RM067,RM,False,0.3689,1,0.98,1
324,IDC01_RM069,IDC01,RM069,RM,False,1.1876,1,0.98,1
325,IDC01_RM070,IDC01,RM070,RM,False,1.3449,1,0.98,1
326,IDC01_RM071,IDC01,RM071,RM,False,0.6191,1,0.98,1
327,IDC01_RM073,IDC01,RM073,RM,False,1.8276,1,0.98,1
328,IDC01_RM074,IDC01,RM074,RM,False,1.8413,1,0.98,1
329,IDC01_RM076,IDC01,RM076,RM,False,0.5031,1,0.98,1
330,IDC01_RM077,IDC01,RM077,RM,False,0.2742,1,0.98,1
331,IDC01_RM078,IDC01,RM078,RM,False,1.5678,1,0.98,1
332,IDC01_RM079,IDC01,RM079,RM,False,0.8551,1,0.98,1
333,IDC01_RM080,IDC01,RM080,RM,False,1.1713,1,0.98,1
334,IDC01_RM081,IDC01,RM081,RM,False,0.9848,1,0.98,1
335,IDC01_RM083,IDC01,RM083,RM,False,1.9401,1,0.98,1
336,IDC01_RM084,IDC01,RM084,RM,False,1.9893,1,0.98,1
337,IDC01_RM085,IDC01,RM085,RM,False,0.7877,1,0.98,1
338,IDC01_RM086,IDC01,RM086,RM,False,1.2943,1,0.98,1
339,IDC01_RM087,IDC01,RM087,RM,False,0.6404,1,0.98,1
340,IDC01_RM088,IDC01,RM088,RM,False,1.2421,1,0.98,1
341,IDC01_RM089,IDC01,RM089,RM,False,0.5811,1,0.98,1
342,IDC01_RM090,IDC01,RM090,RM,False,0.469,1,0.98,1
343,IDC01_RM091,IDC01,RM091,RM,False,1.9439,1,0.98,1
344,IDC01_RM092,IDC01,RM092,RM,False,1.9783,1,0.98,1
345,IDC01_RM094,IDC01,RM094,RM,False,1.1482,1,0.98,1
346,IDC01_RM096,IDC01,RM096,RM,False,0.5792,1,0.98,1
347,IDC01_RM098,IDC01,RM098,RM,False,1.487,1,0.98,1
348,IDC01_RM099,IDC01,RM099,RM,False,0.4884,1,0.98,1
349,IDC01_RM100,IDC01,RM100,RM,False,0.1489,1,0.98,1
350,IDC01_RM101,IDC01,RM101,RM,False,0.4288,1,0.98,1
351,IDC01_RM102,IDC01,RM102,RM,False,1.8489,1,0.98,1
352,IDC01_RM104,IDC01,RM104,RM,False,1.9105,1,0.98,1
353,IDC01_RM106,IDC01,RM106,RM,False,0.5709,1,0.98,1
354,IDC01_RM107,IDC01,RM107,RM,False,0.6855,1,0.98,1
355,IDC01_RM108,IDC01,RM108,RM,False,1.9024,1,0.98,1
356,IDC01_RM109,IDC01,RM109,RM,False,0.4534,1,0.98,1
357,IDC01_RM110,IDC01,RM110,RM,False,0.7331,1,0.98,1
358,IDC01_RM111,IDC01,RM111,RM,False,0.9684,1,0.98,1
359,IDC01_RM114,IDC01,RM114,RM,False,1.1602,1,0.98,1
360,IDC01_RM118,IDC01,RM118,RM,False,1.5692,1,0.98,1
361,IDC01_RM119,IDC01,RM119,RM,False,0.7733,1,0.98,1
362,IDC01_RM120,IDC01,RM120,RM,False,0.648,1,0.98,1
363,IDC01_RM121,IDC01,RM121,RM,False,1.6475,1,0.98,1
364,IDC01_RM122,IDC01,RM122,RM,False,1.3766,1,0.98,1
365,IDC01_RM124,IDC01,RM124,RM,False,1.3073,1,0.98,1
366,IDC01_RM125,IDC01,RM125,RM,False,0.2505,1,0.98,1
367,IDC01_RM126,IDC01,RM126,RM,False,1.903,1,0.98,1
368,IDC01_RM128,IDC01,RM128,RM,False,0.6802,1,0.98,1
369,IDC01_RM130,IDC01,RM130,RM,False,1.41,1,0.98,1
370,IDC01_RM131,IDC01,RM131,RM,False,1.7514,1,0.98,1
371,IDC01_RM133,IDC01,RM133,RM,False,0.6215,1,0.98,1
372,IDC01_RM134,IDC01,RM134,RM,False,0.7684,1,0.98,1
373,IDC01_RM135,IDC01,RM135,RM,False,1.1537,1,0.98,1
374,IDC01_RM136,IDC01,RM136,RM,False,0.9012,1,0.98,1
375,IDC01_RM137,IDC01,RM137,RM,False,1.4933,1,0.98,1
376,IDC01_RM138,IDC01,RM138,RM,False,0.87,1,0.98,1
377,IDC01_RM139,IDC01,RM139,RM,False,0.4665,1,0.98,1
378,IDC01_RM141,IDC01,RM141,RM,False,1.6021,1,0.98,1
379,IDC01_RM142,IDC01,RM142,RM,False,0.7048,1,0.98,1
380,IDC01_RM143,IDC01,RM143,RM,False,1.2424,1,0.98,1
381,IDC01_RM144,IDC01,RM144,RM,False,1.7825,1,0.98,1
382,IDC01_RM145,IDC01,RM145,RM,False,1.7669,1,0.98,1
383,IDC01_RM146,IDC01,RM146,RM,False,0.7976,1,0.98,1
384,IDC01_RM147,IDC01,RM147,RM,False,0.3665,1,0.98,1
385,IDC01_RM150,IDC01,RM150,RM,False,0.2169,1,0.98,1
386,IDC01_RM152,IDC01,RM152,RM,False,1.8499,1,0.98,1
387,IDC01_RM154,IDC01,RM154,RM,False,1.1995,1,0.98,1
388,IDC01_RM156,IDC01,RM156,RM,False,0.6174,1,0.98,1
389,IDC01_RM157,IDC01,RM157,RM,False,1.1465,1,0.98,1
390,IDC01_RM158,IDC01,RM158,RM,False,1.5665,1,0.98,1
391,IDC01_RM159,IDC01,RM159,RM,False,0.235,1,0.98,1
392,IDC01_RM160,IDC01,RM160,RM,False,1.3226,1,0.98,1
393,IDC01_RM161,IDC01,RM161,RM,False,0.2674,1,0.98,1
394,IDC01_RM162,IDC01,RM162,RM,False,0.4866,1,0.98,1
395,IDC01_RM163,IDC01,RM163,RM,False,0.7209,1,0.98,1
396,IDC01_RM164,IDC01,RM164,RM,False,0.8979,1,0.98,1
397,IDC01_RM165,IDC01,RM165,RM,False,0.9837,1,0.98,1
398,IDC01_RM167,IDC01,RM167,RM,False,0.9226,1,0.98,1
399,IDC01_RM168,IDC01,RM168,RM,False,0.6915,1,0.98,1
400,IDC01_RM169,IDC01,RM169,RM,False,0.3881,1,0.98,1
401,IDC01_RM170,IDC01,RM170,RM,False,1.3817,1,0.98,1
402,IDC01_RM171,IDC01,RM171,RM,False,0.292,1,0.98,1
403,IDC01_RM172,IDC01,RM172,RM,False,0.1928,1,0.98,1
404,IDC01_RM173,IDC01,RM173,RM,False,0.7444,1,0.98,1
405,IDC01_RM174,IDC01,RM174,RM,False,1.0043,1,0.98,1
406,IDC01_RM175,IDC01,RM175,RM,False,1.8215,1,0.98,1
407,IDC01_RM176,IDC01,RM176,RM,False,0.1106,1,0.98,1
408,IDC01_RM178,IDC01,RM178,RM,False,1.6501,1,0.98,1
409,IDC01_RM179,IDC01,RM179,RM,False,0.3453,1,0.98,1
410,IDC01_RM181,IDC01,RM181,RM,False,0.3667,1,0.98,1
411,IDC01_RM182,IDC01,RM182,RM,False,1.2681,1,0.98,1
412,IDC01_RM183,IDC01,RM183,RM,False,1.8281,1,0.98,1
413,IDC01_RM185,IDC01,RM185,RM,False,1.2173,1,0.98,1
414,IDC01_RM189,IDC01,RM189,RM,False,1.5017,1,0.98,1
415,IDC01_RM190,IDC01,RM190,RM,False,1.505,1,0.98,1
416,IDC01_RM191,IDC01,RM191,RM,False,1.531,1,0.98,1
417,IDC01_RM193,IDC01,RM193,RM,False,1.8079,1,0.98,1
418,IDC01_RM194,IDC01,RM194,RM,False,0.3729,1,0.98,1
419,IDC01_RM195,IDC01,RM195,RM,False,1.1944,1,0.98,1
420,IDC01_RM196,IDC01,RM196,RM,False,0.8017,1,0.98,1
421,IDC01_RM197,IDC01,RM197,RM,False,1.2708,1,0.98,1
422,IDC01_RM198,IDC01,RM198,RM,False,0.2184,1,0.98,1
423,IDC01_RM199,IDC01,RM199,RM,False,1.0466,1,0.98,1
424,IDC01_RM200,IDC01,RM200,RM,False,1.3557,1,0.98,1
425,IDC01_SKU001,IDC01,SKU001,FG,False,13.604,1,0.98,1
426,IDC01_SKU002,IDC01,SKU002,FG,False,50.282,1,0.98,1
427,IDC01_SKU003,IDC01,SKU003,FG,False,77.556,1,0.98,1
428,IDC01_SKU004,IDC01,SKU004,FG,False,33.593,1,0.98,1
429,IDC01_SKU005,IDC01,SKU005,FG,False,35.591,1,0.98,1
430,IDC01_SKU006,IDC01,SKU006,FG,False,25.946,1,0.98,1
431,IDC01_SKU007,IDC01,SKU007,FG,False,61.998,1,0.98,1
432,IDC01_SKU008,IDC01,SKU008,FG,False,13.579,1,0.98,1
433,IDC01_SKU009,IDC01,SKU009,FG,False,40.581,1,0.98,1
434,IDC01_SKU010,IDC01,SKU010,FG,False,28.509,1,0.98,1
435,IDC01_SKU011,IDC01,SKU011,FG,False,36.96,1,0.98,1
436,IDC01_SKU012,IDC01,SKU012,FG,False,17.962,1,0.98,1
437,IDC01_SKU013,IDC01,SKU013,FG,False,29.962,1,0.98,1
438,IDC01_SKU014,IDC01,SKU014,FG,False,34.936,1,0.98,1
439,IDC01_SKU015,IDC01,SKU015,FG,False,84.252,1,0.98,1
440,IDC01_SKU016,IDC01,SKU016,FG,False,16.38,1,0.98,1
441,IDC01_SKU017,IDC01,SKU017,FG,False,30.5,1,0.98,1
442,IDC01_SKU018,IDC01,SKU018,FG,False,43.04,1,0.98,1
443,IDC01_SKU019,IDC01,SKU019,FG,False,39.035,1,0.98,1
444,IDC01_SKU020,IDC01,SKU020,FG,False,29.572,1,0.98,1
445,IDC01_SKU021,IDC01,SKU021,FG,False,30.954,1,0.98,1
446,IDC01_SKU022,IDC01,SKU022,FG,False,29.918,1,0.98,1
447,IDC01_SKU023,IDC01,SKU023,FG,False,49.763,1,0.98,1
448,IDC01_SKU024,IDC01,SKU024,FG,False,27.871,1,0.98,1
449,IDC01_SKU025,IDC01,SKU025,FG,False,27.652,1,0.98,1
450,IDC01_SKU026,IDC01,SKU026,FG,False,16.856,1,0.98,1
451,IDC01_SKU027,IDC01,SKU027,FG,False,33.09,1,0.98,1
452,IDC01_SKU028,IDC01,SKU028,FG,False,26.408,1,0.98,1
453,IDC01_SKU029,IDC01,SKU029,FG,False,20.984,1,0.98,1
454,IDC01_SKU030,IDC01,SKU030,FG,False,24.55,1,0.98,1
455,IDC01_SKU031,IDC01,SKU031,FG,False,29.375,1,0.98,1
456,IDC01_SKU032,IDC01,SKU032,FG,False,59.721,1,0.98,1
457,IDC01_SKU033,IDC01,SKU033,FG,False,36.752,1,0.98,1
458,IDC01_SKU034,IDC01,SKU034,FG,False,58.528,1,0.98,1
459,IDC01_SKU035,IDC01,SKU035,FG,False,40.399,1,0.98,1
460,IDC01_SKU036,IDC01,SKU036,FG,False,70.294,1,0.98,1
461,IDC01_SKU037,IDC01,SKU037,FG,False,56.461,1,0.98,1
462,IDC01_SKU038,IDC01,SKU038,FG,False,18.456,1,0.98,1
463,IDC01_SKU039,IDC01,SKU039,FG,False,29.472,1,0.98,1
464,IDC01_SKU040,IDC01,SKU040,FG,False,33.01,1,0.98,1
465,IDC01_SKU041,IDC01,SKU041,FG,False,33.321,1,0.98,1
466,IDC01_SKU042,IDC01,SKU042,FG,False,49.07,1,0.98,1
467,IDC01_SKU043,IDC01,SKU043,FG,False,21.864,1,0.98,1
468,IDC01_SKU044,IDC01,SKU044,FG,False,18.34,1,0.98,1
469,IDC01_SKU045,IDC01,SKU045,FG,False,63.859,1,0.98,1
470,IDC01_SKU046,IDC01,SKU046,FG,False,30.92,1,0.98,1
471,IDC01_SKU047,IDC01,SKU047,FG,False,39.076,1,0.98,1
472,IDC01_SKU048,IDC01,SKU048,FG,False,56.044,1,0.98,1
473,IDC01_SKU049,IDC01,SKU049,FG,False,65.562,1,0.98,1
474,IDC01_SKU050,IDC01,SKU050,FG,False,50.531,1,0.98,1
475,IDC01_SKU051,IDC01,SKU051,FG,False,43.046,1,0.98,1
476,IDC01_SKU052,IDC01,SKU052,FG,False,16.267,1,0.98,1
477,IDC01_SKU053,IDC01,SKU053,FG,False,27.99,1,0.98,1
478,IDC01_SKU054,IDC01,SKU054,FG,False,28.678,1,0.98,1
479,IDC01_SKU055,IDC01,SKU055,FG,False,26.068,1,0.98,1
480,IDC01_SKU056,IDC01,SKU056,FG,False,37.267,1,0.98,1
481,IDC01_SKU057,IDC01,SKU057,FG,False,19.508,1,0.98,1
482,IDC01_SKU058,IDC01,SKU058,FG,False,31.896,1,0.98,1
483,IDC01_SKU059,IDC01,SKU059,FG,False,40.722,1,0.98,1
484,IDC01_SKU060,IDC01,SKU060,FG,False,36.835,1,0.98,1
485,IDC01_SKU061,IDC01,SKU061,FG,False,45.337,1,0.98,1
486,IDC01_SKU062,IDC01,SKU062,FG,False,67.905,1,0.98,1
487,IDC01_SKU063,IDC01,SKU063,FG,False,49.569,1,0.98,1
488,IDC01_SKU064,IDC01,SKU064,FG,False,11.436,1,0.98,1
489,IDC01_SKU065,IDC01,SKU065,FG,False,21.27,1,0.98,1
490,IDC01_SKU066,IDC01,SKU066,FG,False,49.632,1,0.98,1
491,IDC01_SKU067,IDC01,SKU067,FG,False,9.924,1,0.98,1
492,IDC01_SKU068,IDC01,SKU068,FG,False,23.317,1,0.98,1
493,IDC01_SKU069,IDC01,SKU069,FG,False,30.316,1,0.98,1
494,IDC01_SKU070,IDC01,SKU070,FG,False,23.933,1,0.98,1
495,IDC01_SKU071,IDC01,SKU071,FG,False,30.156,1,0.98,1
496,IDC01_SKU072,IDC01,SKU072,FG,False,49.319,1,0.98,1
497,IDC01_SKU073,IDC01,SKU073,FG,False,37.034,1,0.98,1
498,IDC01_SKU074,IDC01,SKU074,FG,False,32.007,1,0.98,1
499,IDC01_SKU075,IDC01,SKU075,FG,False,34.573,1,0.98,1
500,IDC01_SKU076,IDC01,SKU076,FG,False,24.728,1,0.98,1
501,IDC01_SKU077,IDC01,SKU077,FG,False,16.393,1,0.98,1
502,IDC01_SKU078,IDC01,SKU078,FG,False,18.608,1,0.98,1
503,IDC01_SKU079,IDC01,SKU079,FG,False,41.142,1,0.98,1
504,IDC01_SKU080,IDC01,SKU080,FG,False,29.601,1,0.98,1
505,IDC01_SKU081,IDC01,SKU081,FG,False,22.87,1,0.98,1
506,IDC01_SKU082,IDC01,SKU082,FG,False,44.987,1,0.98,1
507,IDC01_SKU083,IDC01,SKU083,FG,False,21.297,1,0.98,1
508,IDC01_SKU084,IDC01,SKU084,FG,False,20.196,1,0.98,1
509,IDC01_SKU085,IDC01,SKU085,FG,False,53.723,1,0.98,1
510,IDC01_SKU086,IDC01,SKU086,FG,False,49.308,1,0.98,1
511,IDC01_SKU087,IDC01,SKU087,FG,False,26.775,1,0.98,1
512,IDC01_SKU088,IDC01,SKU088,FG,False,33.207,1,0.98,1
513,IDC01_SKU089,IDC01,SKU089,FG,False,34.969,1,0.98,1
514,IDC01_SKU090,IDC01,SKU090,FG,False,17.733,1,0.98,1
515,IDC01_SKU091,IDC01,SKU091,FG,False,31.988,1,0.98,1
516,IDC01_SKU092,IDC01,SKU092,FG,False,42.044,1,0.98,1
517,IDC01_SKU093,IDC01,SKU093,FG,False,50.689,1,0.98,1
518,IDC01_SKU094,IDC01,SKU094,FG,False,32.919,1,0.98,1
519,IDC01_SKU095,IDC01,SKU095,FG,False,19.754,1,0.98,1
520,IDC01_SKU096,IDC01,SKU096,FG,False,37.05,1,0.98,1
521,IDC01_SKU097,IDC01,SKU097,FG,False,29.544,1,0.98,1
522,IDC01_SKU098,IDC01,SKU098,FG,False,33.857,1,0.98,1
523,IDC01_SKU099,IDC01,SKU099,FG,False,36.524,1,0.98,1
524,IDC01_SKU100,IDC01,SKU100,FG,False,16.197,1,0.98,1
525,RDC01_SKU002,RDC01,SKU002,FG,True,51.2876,7,0.95,7
526,RDC01_SKU010,RDC01,SKU010,FG,True,29.0792,7,0.95,7
527,RDC01_SKU012,RDC01,SKU012,FG,True,18.3212,7,0.95,14
528,RDC01_SKU013,RDC01,SKU013,FG,True,30.5612,7,0.95,7
529,RDC01_SKU014,RDC01,SKU014,FG,True,35.6347,7,0.95,7
530,RDC01_SKU015,RDC01,SKU015,FG,True,85.937,7,0.95,14
531,RDC01_SKU017,RDC01,SKU017,FG,True,31.11,7,0.95,7
532,RDC01_SKU019,RDC01,SKU019,FG,True,39.8157,7,0.95,14
533,RDC01_SKU020,RDC01,SKU020,FG,True,30.1634,7,0.95,7
534,RDC01_SKU021,RDC01,SKU021,FG,True,31.5731,7,0.95,7
535,RDC01_SKU022,RDC01,SKU022,FG,True,30.5164,7,0.95,7
536,RDC01_SKU023,RDC01,SKU023,FG,True,50.7583,7,0.95,7
537,RDC01_SKU024,RDC01,SKU024,FG,True,28.4284,7,0.95,14
538,RDC01_SKU027,RDC01,SKU027,FG,True,33.7518,7,0.95,7
539,RDC01_SKU029,RDC01,SKU029,FG,True,21.4037,7,0.95,14
540,RDC01_SKU031,RDC01,SKU031,FG,True,29.9625,7,0.95,7
541,RDC01_SKU032,RDC01,SKU032,FG,True,60.9154,7,0.95,7
542,RDC01_SKU033,RDC01,SKU033,FG,True,37.487,7,0.95,14
543,RDC01_SKU035,RDC01,SKU035,FG,True,41.207,7,0.95,14
544,RDC01_SKU039,RDC01,SKU039,FG,True,30.0614,7,0.95,7
545,RDC01_SKU040,RDC01,SKU040,FG,True,33.6702,7,0.95,7
546,RDC01_SKU041,RDC01,SKU041,FG,True,33.9874,7,0.95,14
547,RDC01_SKU042,RDC01,SKU042,FG,True,50.0514,7,0.95,14
548,RDC01_SKU044,RDC01,SKU044,FG,True,18.7068,7,0.95,14
549,RDC01_SKU046,RDC01,SKU046,FG,True,31.5384,7,0.95,14
550,RDC01_SKU051,RDC01,SKU051,FG,True,43.9069,7,0.95,14
551,RDC01_SKU053,RDC01,SKU053,FG,True,28.5498,7,0.95,14
552,RDC01_SKU054,RDC01,SKU054,FG,True,29.2516,7,0.95,7
553,RDC01_SKU056,RDC01,SKU056,FG,True,38.0123,7,0.95,14
554,RDC01_SKU059,RDC01,SKU059,FG,True,41.5364,7,0.95,7
555,RDC01_SKU062,RDC01,SKU062,FG,True,69.2631,7,0.95,7
556,RDC01_SKU063,RDC01,SKU063,FG,True,50.5604,7,0.95,14
557,RDC01_SKU067,RDC01,SKU067,FG,True,10.1225,7,0.95,7
558,RDC01_SKU068,RDC01,SKU068,FG,True,23.7833,7,0.95,7
559,RDC01_SKU069,RDC01,SKU069,FG,True,30.9223,7,0.95,7
560,RDC01_SKU070,RDC01,SKU070,FG,True,24.4117,7,0.95,14
561,RDC01_SKU074,RDC01,SKU074,FG,True,32.6471,7,0.95,14
562,RDC01_SKU075,RDC01,SKU075,FG,True,35.2645,7,0.95,7
563,RDC01_SKU080,RDC01,SKU080,FG,True,30.193,7,0.95,14
564,RDC01_SKU081,RDC01,SKU081,FG,True,23.3274,7,0.95,14
565,RDC01_SKU083,RDC01,SKU083,FG,True,21.7229,7,0.95,14
566,RDC01_SKU086,RDC01,SKU086,FG,True,50.2942,7,0.95,14
567,RDC01_SKU087,RDC01,SKU087,FG,True,27.3105,7,0.95,14
568,RDC01_SKU089,RDC01,SKU089,FG,True,35.6684,7,0.95,7
569,RDC01_SKU090,RDC01,SKU090,FG,True,18.0877,7,0.95,14
570,RDC01_SKU091,RDC01,SKU091,FG,True,32.6278,7,0.95,7
571,RDC01_SKU092,RDC01,SKU092,FG,True,42.8849,7,0.95,14
572,RDC01_SKU094,RDC01,SKU094,FG,True,33.5774,7,0.95,14
573,RDC01_SKU096,RDC01,SKU096,FG,True,37.791,7,0.95,7
574,RDC02_SKU003,RDC02,SKU003,FG,True,79.1071,7,0.95,14
575,RDC02_SKU004,RDC02,SKU004,FG,True,34.2649,7,0.95,14
576,RDC02_SKU007,RDC02,SKU007,FG,True,63.238,7,0.95,7
577,RDC02_SKU008,RDC02,SKU008,FG,True,13.8506,7,0.95,14
578,RDC02_SKU010,RDC02,SKU010,FG,True,29.0792,7,0.95,7
579,RDC02_SKU012,RDC02,SKU012,FG,True,18.3212,7,0.95,7
580,RDC02_SKU014,RDC02,SKU014,FG,True,35.6347,7,0.95,7
581,RDC02_SKU015,RDC02,SKU015,FG,True,85.937,7,0.95,7
582,RDC02_SKU016,RDC02,SKU016,FG,True,16.7076,7,0.95,14
583,RDC02_SKU017,RDC02,SKU017,FG,True,31.11,7,0.95,7
584,RDC02_SKU018,RDC02,SKU018,FG,True,43.9008,7,0.95,14
585,RDC02_SKU020,RDC02,SKU020,FG,True,30.1634,7,0.95,7
586,RDC02_SKU022,RDC02,SKU022,FG,True,30.5164,7,0.95,14
587,RDC02_SKU023,RDC02,SKU023,FG,True,50.7583,7,0.95,7
588,RDC02_SKU024,RDC02,SKU024,FG,True,28.4284,7,0.95,7
589,RDC02_SKU026,RDC02,SKU026,FG,True,17.1931,7,0.95,14
590,RDC02_SKU030,RDC02,SKU030,FG,True,25.041,7,0.95,7
591,RDC02_SKU031,RDC02,SKU031,FG,True,29.9625,7,0.95,7
592,RDC02_SKU032,RDC02,SKU032,FG,True,60.9154,7,0.95,14
593,RDC02_SKU036,RDC02,SKU036,FG,True,71.6999,7,0.95,14
594,RDC02_SKU037,RDC02,SKU037,FG,True,57.5902,7,0.95,14
595,RDC02_SKU039,RDC02,SKU039,FG,True,30.0614,7,0.95,14
596,RDC02_SKU041,RDC02,SKU041,FG,True,33.9874,7,0.95,14
597,RDC02_SKU043,RDC02,SKU043,FG,True,22.3013,7,0.95,7
598,RDC02_SKU044,RDC02,SKU044,FG,True,18.7068,7,0.95,7
599,RDC02_SKU048,RDC02,SKU048,FG,True,57.1649,7,0.95,7
600,RDC02_SKU050,RDC02,SKU050,FG,True,51.5416,7,0.95,14
601,RDC02_SKU052,RDC02,SKU052,FG,True,16.5923,7,0.95,7
602,RDC02_SKU053,RDC02,SKU053,FG,True,28.5498,7,0.95,14
603,RDC02_SKU054,RDC02,SKU054,FG,True,29.2516,7,0.95,7
604,RDC02_SKU056,RDC02,SKU056,FG,True,38.0123,7,0.95,14
605,RDC02_SKU057,RDC02,SKU057,FG,True,19.8982,7,0.95,7
606,RDC02_SKU058,RDC02,SKU058,FG,True,32.5339,7,0.95,7
607,RDC02_SKU062,RDC02,SKU062,FG,True,69.2631,7,0.95,14
608,RDC02_SKU064,RDC02,SKU064,FG,True,11.6647,7,0.95,7
609,RDC02_SKU065,RDC02,SKU065,FG,True,21.6954,7,0.95,14
610,RDC02_SKU066,RDC02,SKU066,FG,True,50.6246,7,0.95,7
611,RDC02_SKU070,RDC02,SKU070,FG,True,24.4117,7,0.95,14
612,RDC02_SKU076,RDC02,SKU076,FG,True,25.2226,7,0.95,14
613,RDC02_SKU078,RDC02,SKU078,FG,True,18.9802,7,0.95,7
614,RDC02_SKU079,RDC02,SKU079,FG,True,41.9648,7,0.95,14
615,RDC02_SKU080,RDC02,SKU080,FG,True,30.193,7,0.95,7
616,RDC02_SKU081,RDC02,SKU081,FG,True,23.3274,7,0.95,7
617,RDC02_SKU085,RDC02,SKU085,FG,True,54.7975,7,0.95,7
618,RDC02_SKU086,RDC02,SKU086,FG,True,50.2942,7,0.95,7
619,RDC02_SKU094,RDC02,SKU094,FG,True,33.5774,7,0.95,14
620,RDC02_SKU095,RDC02,SKU095,FG,True,20.1491,7,0.95,14
621,RDC02_SKU098,RDC02,SKU098,FG,True,34.5341,7,0.95,7
622,RDC02_SKU099,RDC02,SKU099,FG,True,37.2545,7,0.95,14
623,RDC03_SKU002,RDC03,SKU002,FG,True,51.2876,7,0.95,14
624,RDC03_SKU003,RDC03,SKU003,FG,True,79.1071,7,0.95,14
625,RDC03_SKU004,RDC03,SKU004,FG,True,34.2649,7,0.95,14
626,RDC03_SKU005,RDC03,SKU005,FG,True,36.3028,7,0.95,14
627,RDC03_SKU006,RDC03,SKU006,FG,True,26.4649,7,0.95,14
628,RDC03_SKU009,RDC03,SKU009,FG,True,41.3926,7,0.95,7
629,RDC03_SKU010,RDC03,SKU010,FG,True,29.0792,7,0.95,14
630,RDC03_SKU011,RDC03,SKU011,FG,True,37.6992,7,0.95,7
631,RDC03_SKU012,RDC03,SKU012,FG,True,18.3212,7,0.95,7
632,RDC03_SKU013,RDC03,SKU013,FG,True,30.5612,7,0.95,14
633,RDC03_SKU014,RDC03,SKU014,FG,True,35.6347,7,0.95,14
634,RDC03_SKU018,RDC03,SKU018,FG,True,43.9008,7,0.95,14
635,RDC03_SKU019,RDC03,SKU019,FG,True,39.8157,7,0.95,14
636,RDC03_SKU023,RDC03,SKU023,FG,True,50.7583,7,0.95,14
637,RDC03_SKU024,RDC03,SKU024,FG,True,28.4284,7,0.95,14
638,RDC03_SKU028,RDC03,SKU028,FG,True,26.9362,7,0.95,7
639,RDC03_SKU032,RDC03,SKU032,FG,True,60.9154,7,0.95,7
640,RDC03_SKU033,RDC03,SKU033,FG,True,37.487,7,0.95,14
641,RDC03_SKU034,RDC03,SKU034,FG,True,59.6986,7,0.95,14
642,RDC03_SKU035,RDC03,SKU035,FG,True,41.207,7,0.95,14
643,RDC03_SKU037,RDC03,SKU037,FG,True,57.5902,7,0.95,7
644,RDC03_SKU038,RDC03,SKU038,FG,True,18.8251,7,0.95,7
645,RDC03_SKU041,RDC03,SKU041,FG,True,33.9874,7,0.95,14
646,RDC03_SKU042,RDC03,SKU042,FG,True,50.0514,7,0.95,7
647,RDC03_SKU044,RDC03,SKU044,FG,True,18.7068,7,0.95,7
648,RDC03_SKU047,RDC03,SKU047,FG,True,39.8575,7,0.95,7
649,RDC03_SKU050,RDC03,SKU050,FG,True,51.5416,7,0.95,14
650,RDC03_SKU052,RDC03,SKU052,FG,True,16.5923,7,0.95,7
651,RDC03_SKU056,RDC03,SKU056,FG,True,38.0123,7,0.95,14
652,RDC03_SKU058,RDC03,SKU058,FG,True,32.5339,7,0.95,7
653,RDC03_SKU059,RDC03,SKU059,FG,True,41.5364,7,0.95,14
654,RDC03_SKU063,RDC03,SKU063,FG,True,50.5604,7,0.95,14
655,RDC03_SKU068,RDC03,SKU068,FG,True,23.7833,7,0.95,7
656,RDC03_SKU069,RDC03,SKU069,FG,True,30.9223,7,0.95,14
657,RDC03_SKU071,RDC03,SKU071,FG,True,30.7591,7,0.95,14
658,RDC03_SKU074,RDC03,SKU074,FG,True,32.6471,7,0.95,7
659,RDC03_SKU075,RDC03,SKU075,FG,True,35.2645,7,0.95,7
660,RDC03_SKU077,RDC03,SKU077,FG,True,16.7209,7,0.95,14
661,RDC03_SKU078,RDC03,SKU078,FG,True,18.9802,7,0.95,7
662,RDC03_SKU083,RDC03,SKU083,FG,True,21.7229,7,0.95,7
663,RDC03_SKU084,RDC03,SKU084,FG,True,20.5999,7,0.95,7
664,RDC03_SKU086,RDC03,SKU086,FG,True,50.2942,7,0.95,14
665,RDC03_SKU087,RDC03,SKU087,FG,True,27.3105,7,0.95,14
666,RDC03_SKU088,RDC03,SKU088,FG,True,33.8711,7,0.95,14
667,RDC03_SKU089,RDC03,SKU089,FG,True,35.6684,7,0.95,7
668,RDC03_SKU092,RDC03,SKU092,FG,True,42.8849,7,0.95,7
669,RDC03_SKU097,RDC03,SKU097,FG,True,30.1349,7,0.95,14
670,RDC04_SKU001,RDC04,SKU001,FG,True,13.8761,7,0.95,7
671,RDC04_SKU003,RDC04,SKU003,FG,True,79.1071,7,0.95,14
672,RDC04_SKU004,RDC04,SKU004,FG,True,34.2649,7,0.95,14
673,RDC04_SKU005,RDC04,SKU005,FG,True,36.3028,7,0.95,14
674,RDC04_SKU006,RDC04,SKU006,FG,True,26.4649,7,0.95,14
675,RDC04_SKU010,RDC04,SKU010,FG,True,29.0792,7,0.95,7
676,RDC04_SKU013,RDC04,SKU013,FG,True,30.5612,7,0.95,14
677,RDC04_SKU014,RDC04,SKU014,FG,True,35.6347,7,0.95,14
678,RDC04_SKU018,RDC04,SKU018,FG,True,43.9008,7,0.95,7
679,RDC04_SKU019,RDC04,SKU019,FG,True,39.8157,7,0.95,14
680,RDC04_SKU021,RDC04,SKU021,FG,True,31.5731,7,0.95,7
681,RDC04_SKU024,RDC04,SKU024,FG,True,28.4284,7,0.95,7
682,RDC04_SKU025,RDC04,SKU025,FG,True,28.205,7,0.95,14
683,RDC04_SKU026,RDC04,SKU026,FG,True,17.1931,7,0.95,7
684,RDC04_SKU031,RDC04,SKU031,FG,True,29.9625,7,0.95,14
685,RDC04_SKU036,RDC04,SKU036,FG,True,71.6999,7,0.95,7
686,RDC04_SKU040,RDC04,SKU040,FG,True,33.6702,7,0.95,7
687,RDC04_SKU041,RDC04,SKU041,FG,True,33.9874,7,0.95,14
688,RDC04_SKU048,RDC04,SKU048,FG,True,57.1649,7,0.95,14
689,RDC04_SKU050,RDC04,SKU050,FG,True,51.5416,7,0.95,7
690,RDC04_SKU052,RDC04,SKU052,FG,True,16.5923,7,0.95,7
691,RDC04_SKU055,RDC04,SKU055,FG,True,26.5894,7,0.95,7
692,RDC04_SKU056,RDC04,SKU056,FG,True,38.0123,7,0.95,7
693,RDC04_SKU057,RDC04,SKU057,FG,True,19.8982,7,0.95,14
694,RDC04_SKU058,RDC04,SKU058,FG,True,32.5339,7,0.95,7
695,RDC04_SKU062,RDC04,SKU062,FG,True,69.2631,7,0.95,7
696,RDC04_SKU064,RDC04,SKU064,FG,True,11.6647,7,0.95,14
697,RDC04_SKU068,RDC04,SKU068,FG,True,23.7833,7,0.95,7
698,RDC04_SKU069,RDC04,SKU069,FG,True,30.9223,7,0.95,14
699,RDC04_SKU070,RDC04,SKU070,FG,True,24.4117,7,0.95,14
700,RDC04_SKU071,RDC04,SKU071,FG,True,30.7591,7,0.95,7
701,RDC04_SKU072,RDC04,SKU072,FG,True,50.3054,7,0.95,7
702,RDC04_SKU074,RDC04,SKU074,FG,True,32.6471,7,0.95,14
703,RDC04_SKU076,RDC04,SKU076,FG,True,25.2226,7,0.95,7
704,RDC04_SKU078,RDC04,SKU078,FG,True,18.9802,7,0.95,14
705,RDC04_SKU082,RDC04,SKU082,FG,True,45.8867,7,0.95,14
706,RDC04_SKU088,RDC04,SKU088,FG,True,33.8711,7,0.95,7
707,RDC04_SKU092,RDC04,SKU092,FG,True,42.8849,7,0.95,14
708,RDC04_SKU093,RDC04,SKU093,FG,True,51.7028,7,0.95,14
709,RDC04_SKU095,RDC04,SKU095,FG,True,20.1491,7,0.95,7
710,RDC04_SKU099,RDC04,SKU099,FG,True,37.2545,7,0.95,7
711,RDC04_SKU100,RDC04,SKU100,FG,True,16.5209,7,0.95,14
712,RDC05_SKU002,RDC05,SKU002,FG,True,51.2876,7,0.95,14
713,RDC05_SKU005,RDC05,SKU005,FG,True,36.3028,7,0.95,7
714,RDC05_SKU006,RDC05,SKU006,FG,True,26.4649,7,0.95,7
715,RDC05_SKU007,RDC05,SKU007,FG,True,63.238,7,0.95,14
716,RDC05_SKU009,RDC05,SKU009,FG,True,41.3926,7,0.95,7
717,RDC05_SKU011,RDC05,SKU011,FG,True,37.6992,7,0.95,14
718,RDC05_SKU012,RDC05,SKU012,FG,True,18.3212,7,0.95,14
719,RDC05_SKU013,RDC05,SKU013,FG,True,30.5612,7,0.95,14
720,RDC05_SKU015,RDC05,SKU015,FG,True,85.937,7,0.95,14
721,RDC05_SKU019,RDC05,SKU019,FG,True,39.8157,7,0.95,7
722,RDC05_SKU020,RDC05,SKU020,FG,True,30.1634,7,0.95,14
723,RDC05_SKU021,RDC05,SKU021,FG,True,31.5731,7,0.95,7
724,RDC05_SKU022,RDC05,SKU022,FG,True,30.5164,7,0.95,7
725,RDC05_SKU024,RDC05,SKU024,FG,True,28.4284,7,0.95,14
726,RDC05_SKU031,RDC05,SKU031,FG,True,29.9625,7,0.95,14
727,RDC05_SKU033,RDC05,SKU033,FG,True,37.487,7,0.95,14
728,RDC05_SKU034,RDC05,SKU034,FG,True,59.6986,7,0.95,14
729,RDC05_SKU035,RDC05,SKU035,FG,True,41.207,7,0.95,14
730,RDC05_SKU036,RDC05,SKU036,FG,True,71.6999,7,0.95,7
731,RDC05_SKU039,RDC05,SKU039,FG,True,30.0614,7,0.95,14
732,RDC05_SKU040,RDC05,SKU040,FG,True,33.6702,7,0.95,14
733,RDC05_SKU042,RDC05,SKU042,FG,True,50.0514,7,0.95,14
734,RDC05_SKU043,RDC05,SKU043,FG,True,22.3013,7,0.95,14
735,RDC05_SKU044,RDC05,SKU044,FG,True,18.7068,7,0.95,7
736,RDC05_SKU045,RDC05,SKU045,FG,True,65.1362,7,0.95,7
737,RDC05_SKU047,RDC05,SKU047,FG,True,39.8575,7,0.95,14
738,RDC05_SKU050,RDC05,SKU050,FG,True,51.5416,7,0.95,7
739,RDC05_SKU053,RDC05,SKU053,FG,True,28.5498,7,0.95,14
740,RDC05_SKU054,RDC05,SKU054,FG,True,29.2516,7,0.95,7
741,RDC05_SKU055,RDC05,SKU055,FG,True,26.5894,7,0.95,7
742,RDC05_SKU057,RDC05,SKU057,FG,True,19.8982,7,0.95,7
743,RDC05_SKU059,RDC05,SKU059,FG,True,41.5364,7,0.95,14
744,RDC05_SKU060,RDC05,SKU060,FG,True,37.5717,7,0.95,7
745,RDC05_SKU061,RDC05,SKU061,FG,True,46.2437,7,0.95,14
746,RDC05_SKU062,RDC05,SKU062,FG,True,69.2631,7,0.95,14
747,RDC05_SKU064,RDC05,SKU064,FG,True,11.6647,7,0.95,14
748,RDC05_SKU067,RDC05,SKU067,FG,True,10.1225,7,0.95,14
749,RDC05_SKU070,RDC05,SKU070,FG,True,24.4117,7,0.95,14
750,RDC05_SKU071,RDC05,SKU071,FG,True,30.7591,7,0.95,14
751,RDC05_SKU073,RDC05,SKU073,FG,True,37.7747,7,0.95,7
752,RDC05_SKU075,RDC05,SKU075,FG,True,35.2645,7,0.95,7
753,RDC05_SKU077,RDC05,SKU077,FG,True,16.7209,7,0.95,14
754,RDC05_SKU080,RDC05,SKU080,FG,True,30.193,7,0.95,7
755,RDC05_SKU081,RDC05,SKU081,FG,True,23.3274,7,0.95,14
756,RDC05_SKU084,RDC05,SKU084,FG,True,20.5999,7,0.95,14
757,RDC05_SKU089,RDC05,SKU089,FG,True,35.6684,7,0.95,7
758,RDC05_SKU090,RDC05,SKU090,FG,True,18.0877,7,0.95,14
759,RDC05_SKU093,RDC05,SKU093,FG,True,51.7028,7,0.95,14
760,RDC05_SKU094,RDC05,SKU094,FG,True,33.5774,7,0.95,7
761,RDC05_SKU098,RDC05,SKU098,FG,True,34.5341,7,0.95,14
762,RDC06_SKU003,RDC06,SKU003,FG,True,79.1071,7,0.95,7
763,RDC06_SKU006,RDC06,SKU006,FG,True,26.4649,7,0.95,14
764,RDC06_SKU009,RDC06,SKU009,FG,True,41.3926,7,0.95,14
765,RDC06_SKU010,RDC06,SKU010,FG,True,29.0792,7,0.95,14
766,RDC06_SKU012,RDC06,SKU012,FG,True,18.3212,7,0.95,7
767,RDC06_SKU014,RDC06,SKU014,FG,True,35.6347,7,0.95,14
768,RDC06_SKU019,RDC06,SKU019,FG,True,39.8157,7,0.95,7
769,RDC06_SKU020,RDC06,SKU020,FG,True,30.1634,7,0.95,7
770,RDC06_SKU023,RDC06,SKU023,FG,True,50.7583,7,0.95,14
771,RDC06_SKU024,RDC06,SKU024,FG,True,28.4284,7,0.95,14
772,RDC06_SKU025,RDC06,SKU025,FG,True,28.205,7,0.95,14
773,RDC06_SKU027,RDC06,SKU027,FG,True,33.7518,7,0.95,14
774,RDC06_SKU028,RDC06,SKU028,FG,True,26.9362,7,0.95,14
775,RDC06_SKU029,RDC06,SKU029,FG,True,21.4037,7,0.95,14
776,RDC06_SKU030,RDC06,SKU030,FG,True,25.041,7,0.95,14
777,RDC06_SKU031,RDC06,SKU031,FG,True,29.9625,7,0.95,7
778,RDC06_SKU032,RDC06,SKU032,FG,True,60.9154,7,0.95,7
779,RDC06_SKU035,RDC06,SKU035,FG,True,41.207,7,0.95,14
780,RDC06_SKU038,RDC06,SKU038,FG,True,18.8251,7,0.95,7
781,RDC06_SKU039,RDC06,SKU039,FG,True,30.0614,7,0.95,7
782,RDC06_SKU041,RDC06,SKU041,FG,True,33.9874,7,0.95,7
783,RDC06_SKU042,RDC06,SKU042,FG,True,50.0514,7,0.95,14
784,RDC06_SKU048,RDC06,SKU048,FG,True,57.1649,7,0.95,14
785,RDC06_SKU049,RDC06,SKU049,FG,True,66.8732,7,0.95,7
786,RDC06_SKU050,RDC06,SKU050,FG,True,51.5416,7,0.95,7
787,RDC06_SKU059,RDC06,SKU059,FG,True,41.5364,7,0.95,14
788,RDC06_SKU064,RDC06,SKU064,FG,True,11.6647,7,0.95,14
789,RDC06_SKU072,RDC06,SKU072,FG,True,50.3054,7,0.95,14
790,RDC06_SKU076,RDC06,SKU076,FG,True,25.2226,7,0.95,7
791,RDC06_SKU080,RDC06,SKU080,FG,True,30.193,7,0.95,14
792,RDC06_SKU081,RDC06,SKU081,FG,True,23.3274,7,0.95,14
793,RDC06_SKU082,RDC06,SKU082,FG,True,45.8867,7,0.95,7
794,RDC06_SKU084,RDC06,SKU084,FG,True,20.5999,7,0.95,7
795,RDC06_SKU085,RDC06,SKU085,FG,True,54.7975,7,0.95,7
796,RDC06_SKU091,RDC06,SKU091,FG,True,32.6278,7,0.95,7
797,RDC06_SKU093,RDC06,SKU093,FG,True,51.7028,7,0.95,7
798,RDC07_SKU002,RDC07,SKU002,FG,True,51.2876,7,0.95,7
799,RDC07_SKU003,RDC07,SKU003,FG,True,79.1071,7,0.95,7
800,RDC07_SKU006,RDC07,SKU006,FG,True,26.4649,7,0.95,14
801,RDC07_SKU009,RDC07,SKU009,FG,True,41.3926,7,0.95,14
802,RDC07_SKU011,RDC07,SKU011,FG,True,37.6992,7,0.95,7
803,RDC07_SKU014,RDC07,SKU014,FG,True,35.6347,7,0.95,7
804,RDC07_SKU016,RDC07,SKU016,FG,True,16.7076,7,0.95,14
805,RDC07_SKU019,RDC07,SKU019,FG,True,39.8157,7,0.95,14
806,RDC07_SKU022,RDC07,SKU022,FG,True,30.5164,7,0.95,7
807,RDC07_SKU025,RDC07,SKU025,FG,True,28.205,7,0.95,14
808,RDC07_SKU026,RDC07,SKU026,FG,True,17.1931,7,0.95,7
809,RDC07_SKU027,RDC07,SKU027,FG,True,33.7518,7,0.95,14
810,RDC07_SKU029,RDC07,SKU029,FG,True,21.4037,7,0.95,14
811,RDC07_SKU030,RDC07,SKU030,FG,True,25.041,7,0.95,7
812,RDC07_SKU033,RDC07,SKU033,FG,True,37.487,7,0.95,14
813,RDC07_SKU038,RDC07,SKU038,FG,True,18.8251,7,0.95,14
814,RDC07_SKU039,RDC07,SKU039,FG,True,30.0614,7,0.95,14
815,RDC07_SKU040,RDC07,SKU040,FG,True,33.6702,7,0.95,14
816,RDC07_SKU041,RDC07,SKU041,FG,True,33.9874,7,0.95,7
817,RDC07_SKU042,RDC07,SKU042,FG,True,50.0514,7,0.95,7
818,RDC07_SKU044,RDC07,SKU044,FG,True,18.7068,7,0.95,14
819,RDC07_SKU054,RDC07,SKU054,FG,True,29.2516,7,0.95,14
820,RDC07_SKU056,RDC07,SKU056,FG,True,38.0123,7,0.95,14
821,RDC07_SKU057,RDC07,SKU057,FG,True,19.8982,7,0.95,14
822,RDC07_SKU058,RDC07,SKU058,FG,True,32.5339,7,0.95,7
823,RDC07_SKU062,RDC07,SKU062,FG,True,69.2631,7,0.95,7
824,RDC07_SKU064,RDC07,SKU064,FG,True,11.6647,7,0.95,14
825,RDC07_SKU065,RDC07,SKU065,FG,True,21.6954,7,0.95,14
826,RDC07_SKU066,RDC07,SKU066,FG,True,50.6246,7,0.95,14
827,RDC07_SKU070,RDC07,SKU070,FG,True,24.4117,7,0.95,7
828,RDC07_SKU071,RDC07,SKU071,FG,True,30.7591,7,0.95,7
829,RDC07_SKU074,RDC07,SKU074,FG,True,32.6471,7,0.95,14
830,RDC07_SKU076,RDC07,SKU076,FG,True,25.2226,7,0.95,14
831,RDC07_SKU080,RDC07,SKU080,FG,True,30.193,7,0.95,14
832,RDC07_SKU081,RDC07,SKU081,FG,True,23.3274,7,0.95,7
833,RDC07_SKU086,RDC07,SKU086,FG,True,50.2942,7,0.95,14
834,RDC07_SKU087,RDC07,SKU087,FG,True,27.3105,7,0.95,14
835,RDC07_SKU089,RDC07,SKU089,FG,True,35.6684,7,0.95,14
836,RDC07_SKU090,RDC07,SKU090,FG,True,18.0877,7,0.95,14
837,RDC07_SKU095,RDC07,SKU095,FG,True,20.1491,7,0.95,7
838,RDC07_SKU097,RDC07,SKU097,FG,True,30.1349,7,0.95,7
839,RDC07_SKU099,RDC07,SKU099,FG,True,37.2545,7,0.95,7
840,RDC07_SKU100,RDC07,SKU100,FG,True,16.5209,7,0.95,7
841,RDC08_SKU001,RDC08,SKU001,FG,True,13.8761,7,0.95,7
842,RDC08_SKU002,RDC08,SKU002,FG,True,51.2876,7,0.95,7
843,RDC08_SKU003,RDC08,SKU003,FG,True,79.1071,7,0.95,14
844,RDC08_SKU004,RDC08,SKU004,FG,True,34.2649,7,0.95,7
845,RDC08_SKU005,RDC08,SKU005,FG,True,36.3028,7,0.95,7
846,RDC08_SKU006,RDC08,SKU006,FG,True,26.4649,7,0.95,7
847,RDC08_SKU007,RDC08,SKU007,FG,True,63.238,7,0.95,14
848,RDC08_SKU008,RDC08,SKU008,FG,True,13.8506,7,0.95,14
849,RDC08_SKU009,RDC08,SKU009,FG,True,41.3926,7,0.95,14
850,RDC08_SKU011,RDC08,SKU011,FG,True,37.6992,7,0.95,14
851,RDC08_SKU012,RDC08,SKU012,FG,True,18.3212,7,0.95,7
852,RDC08_SKU022,RDC08,SKU022,FG,True,30.5164,7,0.95,7
853,RDC08_SKU029,RDC08,SKU029,FG,True,21.4037,7,0.95,7
854,RDC08_SKU031,RDC08,SKU031,FG,True,29.9625,7,0.95,7
855,RDC08_SKU032,RDC08,SKU032,FG,True,60.9154,7,0.95,7
856,RDC08_SKU035,RDC08,SKU035,FG,True,41.207,7,0.95,14
857,RDC08_SKU039,RDC08,SKU039,FG,True,30.0614,7,0.95,14
858,RDC08_SKU044,RDC08,SKU044,FG,True,18.7068,7,0.95,7
859,RDC08_SKU045,RDC08,SKU045,FG,True,65.1362,7,0.95,14
860,RDC08_SKU046,RDC08,SKU046,FG,True,31.5384,7,0.95,14
861,RDC08_SKU047,RDC08,SKU047,FG,True,39.8575,7,0.95,14
862,RDC08_SKU049,RDC08,SKU049,FG,True,66.8732,7,0.95,7
863,RDC08_SKU050,RDC08,SKU050,FG,True,51.5416,7,0.95,14
864,RDC08_SKU051,RDC08,SKU051,FG,True,43.9069,7,0.95,14
865,RDC08_SKU052,RDC08,SKU052,FG,True,16.5923,7,0.95,7
866,RDC08_SKU053,RDC08,SKU053,FG,True,28.5498,7,0.95,7
867,RDC08_SKU054,RDC08,SKU054,FG,True,29.2516,7,0.95,7
868,RDC08_SKU056,RDC08,SKU056,FG,True,38.0123,7,0.95,14
869,RDC08_SKU058,RDC08,SKU058,FG,True,32.5339,7,0.95,14
870,RDC08_SKU060,RDC08,SKU060,FG,True,37.5717,7,0.95,14
871,RDC08_SKU061,RDC08,SKU061,FG,True,46.2437,7,0.95,7
872,RDC08_SKU062,RDC08,SKU062,FG,True,69.2631,7,0.95,14
873,RDC08_SKU063,RDC08,SKU063,FG,True,50.5604,7,0.95,14
874,RDC08_SKU064,RDC08,SKU064,FG,True,11.6647,7,0.95,7
875,RDC08_SKU065,RDC08,SKU065,FG,True,21.6954,7,0.95,7
876,RDC08_SKU069,RDC08,SKU069,FG,True,30.9223,7,0.95,7
877,RDC08_SKU070,RDC08,SKU070,FG,True,24.4117,7,0.95,7
878,RDC08_SKU071,RDC08,SKU071,FG,True,30.7591,7,0.95,7
879,RDC08_SKU072,RDC08,SKU072,FG,True,50.3054,7,0.95,7
880,RDC08_SKU073,RDC08,SKU073,FG,True,37.7747,7,0.95,14
881,RDC08_SKU074,RDC08,SKU074,FG,True,32.6471,7,0.95,14
882,RDC08_SKU075,RDC08,SKU075,FG,True,35.2645,7,0.95,14
883,RDC08_SKU077,RDC08,SKU077,FG,True,16.7209,7,0.95,14
884,RDC08_SKU079,RDC08,SKU079,FG,True,41.9648,7,0.95,7
885,RDC08_SKU087,RDC08,SKU087,FG,True,27.3105,7,0.95,7
886,RDC08_SKU092,RDC08,SKU092,FG,True,42.8849,7,0.95,14
887,RDC08_SKU095,RDC08,SKU095,FG,True,20.1491,7,0.95,14
888,RDC08_SKU096,RDC08,SKU096,FG,True,37.791,7,0.95,7
889,RDC08_SKU097,RDC08,SKU097,FG,True,30.1349,7,0.95,14
890,RDC08_SKU099,RDC08,SKU099,FG,True,37.2545,7,0.95,7
