LocationCode,SKUCode,PenaltyFactor,MetricUsed,ActualVal,TargetSL,Action,UnitCost,Gap
CDC01,SKU001,19396.0,CSL,0.994,0.98,↓ Relax,51.54,-0.014
CDC01,SKU002,9192.0,CSL,0.997,0.98,↓ Relax,24.43,-0.017
CDC01,SKU003,23618.0,CSL,0.999,0.98,↓ Relax,62.76,-0.019
CDC01,SKU004,21421.0,CSL,0.991,0.98,↓ Relax,30.36,-0.011
CDC01,SKU005,8664.0,CSL,1.0,0.98,↓ Relax,23.02,-0.02
CDC01,SKU006,12446.0,CSL,0.999,0.98,↓ Relax,33.07,-0.019
CDC01,SKU008,17150.0,CSL,1.0,0.98,↓ Relax,45.57,-0.02
CDC01,SKU009,12798.0,CSL,0.999,0.98,↓ Relax,34.01,-0.019
CDC01,SKU010,140628.0,CSL,0.89,0.98,↑ Boost,21.26,0.09
CDC01,SKU011,15560.0,CSL,1.0,0.98,↓ Relax,41.35,-0.02
CDC01,SKU012,126720.0,CSL,0.857,0.98,↑ Big Boost,12.77,0.123
CDC01,SKU013,18335.0,CSL,1.0,0.98,↓ Relax,48.72,-0.02
CDC01,SKU014,18658.0,CSL,1.0,0.98,↓ Relax,49.58,-0.02
CDC01,SKU015,13922.0,CSL,0.998,0.98,↓ Relax,37.0,-0.018
CDC01,SKU016,11334.0,CSL,0.998,0.98,↓ Relax,30.12,-0.018
CDC01,SKU017,25169.0,CSL,0.993,0.98,↓ Relax,35.67,-0.013
CDC01,SKU018,53068.0,CSL,0.98,0.98,Kept,48.13,0.0
CDC01,SKU019,500000.0,CSL,0.844,0.98,Max Capped,33.84,0.136
CDC01,SKU020,88698.0,CSL,0.944,0.98,↑ Adjust,26.82,0.036
CDC01,SKU021,74646.0,CSL,0.941,0.98,↑ Adjust,42.31,0.039
CDC01,SKU022,19334.0,CSL,0.999,0.98,↓ Relax,51.38,-0.019
CDC01,SKU023,17404.0,CSL,0.99,0.98,Kept,29.6,-0.01
CDC01,SKU024,500000.0,CSL,0.807,0.98,Max Capped,42.67,0.173
CDC01,SKU025,161544.0,CSL,0.943,0.98,↑ Adjust,48.84,0.037
CDC01,SKU026,8017.0,CSL,0.999,0.98,↓ Relax,21.3,-0.019
CDC01,SKU027,9141.0,CSL,1.0,0.98,↓ Relax,24.29,-0.02
CDC01,SKU028,218025.0,CSL,0.76,0.98,↑ Big Boost,10.99,0.22
CDC01,SKU029,15156.0,CSL,1.0,0.98,↓ Relax,40.27,-0.02
CDC01,SKU030,500000.0,CSL,0.843,0.98,Max Capped,44.03,0.137
CDC01,SKU031,13219.0,CSL,0.999,0.98,↓ Relax,35.13,-0.019
CDC01,SKU032,32269.0,CSL,0.987,0.98,Kept,68.6,-0.007
CDC01,SKU033,9953.0,CSL,0.997,0.98,↓ Relax,26.45,-0.017
CDC01,SKU034,9595.0,CSL,0.997,0.98,↓ Relax,25.5,-0.017
CDC01,SKU035,260392.0,CSL,0.903,0.98,↑ Boost,44.28,0.077
CDC01,SKU036,500000.0,CSL,0.856,0.98,Max Capped,55.57,0.124
CDC01,SKU037,500000.0,CSL,0.796,0.98,Max Capped,69.53,0.184
CDC01,SKU038,386184.0,CSL,0.9,0.98,↑ Boost,65.68,0.08
CDC01,SKU039,344160.0,CSL,0.886,0.98,↑ Boost,39.02,0.094
CDC01,SKU040,16516.0,CSL,0.997,0.98,↓ Relax,43.89,-0.017
CDC01,SKU041,20604.0,CSL,1.0,0.98,↓ Relax,54.75,-0.02
CDC01,SKU042,22491.0,CSL,1.0,0.98,↓ Relax,59.77,-0.02
CDC01,SKU043,9644.0,CSL,0.998,0.98,↓ Relax,25.63,-0.018
CDC01,SKU044,112797.0,CSL,0.946,0.98,↑ Adjust,34.1,0.034
CDC01,SKU045,338776.0,CSL,0.887,0.98,↑ Boost,57.62,0.093
CDC01,SKU047,29490.0,CSL,0.983,0.98,Kept,17.83,-0.003
CDC01,SKU048,113184.0,CSL,0.973,0.98,↑ Adjust,34.22,0.007
CDC01,SKU050,30332.0,CSL,0.987,0.98,Kept,27.51,-0.007
CDC01,SKU051,136944.0,CSL,0.95,0.98,↑ Adjust,41.4,0.03
CDC01,SKU052,69558.0,CSL,0.954,0.98,↑ Adjust,39.43,0.026
CDC01,SKU053,4189.0,CSL,0.999,0.98,↓ Relax,11.13,-0.019
CDC01,SKU054,267246.0,CSL,0.81,0.98,↑ Big Boost,13.47,0.17
CDC01,SKU055,21988.0,CSL,1.0,0.98,↓ Relax,58.43,-0.02
CDC01,SKU056,7545.0,CSL,1.0,0.98,↓ Relax,20.05,-0.02
CDC01,SKU057,20237.0,CSL,1.0,0.98,↓ Relax,53.78,-0.02
CDC01,SKU058,15585.0,CSL,0.999,0.98,↓ Relax,41.41,-0.019
CDC01,SKU059,111861.0,CSL,0.954,0.98,↑ Adjust,45.09,0.026
CDC01,SKU060,345912.0,CSL,0.901,0.98,↑ Boost,39.22,0.079
CDC01,SKU061,59721.0,CSL,0.961,0.98,↑ Adjust,36.11,0.019
CDC01,SKU062,16611.0,CSL,0.985,0.98,Kept,28.25,-0.005
CDC01,SKU063,500000.0,CSL,0.869,0.98,Max Capped,46.46,0.111
CDC01,SKU064,12818.0,CSL,0.996,0.98,↓ Relax,34.06,-0.016
CDC01,SKU065,194840.0,CSL,0.904,0.98,↑ Boost,33.14,0.076
CDC01,SKU067,266112.0,CSL,0.9,0.98,↑ Boost,30.17,0.08
CDC01,SKU068,19146.0,CSL,1.0,0.98,↓ Relax,50.88,-0.02
CDC01,SKU069,69261.0,CSL,0.968,0.98,↑ Adjust,52.35,0.012
CDC01,SKU070,216952.0,CSL,0.914,0.98,↑ Boost,49.2,0.066
CDC01,SKU071,121260.0,CSL,0.906,0.98,↑ Boost,27.5,0.074
CDC01,SKU072,29477.0,CSL,0.987,0.98,Kept,50.13,-0.007
CDC01,SKU073,56038.0,CSL,0.978,0.98,↑ Adjust,42.36,0.002
CDC01,SKU074,379890.0,CSL,0.839,0.98,↑ Big Boost,28.71,0.141
CDC01,SKU075,17410.0,CSL,0.998,0.98,↓ Relax,46.26,-0.018
CDC01,SKU076,30044.0,CSL,0.982,0.98,Kept,51.09,-0.002
CDC01,SKU077,134892.0,CSL,0.863,0.98,↑ Big Boost,13.59,0.117
CDC01,SKU078,53330.0,CSL,0.983,0.98,Kept,48.37,-0.003
CDC01,SKU079,13379.0,CSL,0.999,0.98,↓ Relax,35.55,-0.019
CDC01,SKU080,10695.0,CSL,0.999,0.98,↓ Relax,28.42,-0.019
CDC01,SKU081,60312.0,CSL,0.941,0.98,↑ Adjust,24.31,0.039
CDC01,SKU082,500000.0,CSL,0.317,0.98,Max Capped,37.62,0.663
CDC01,SKU083,9426.0,CSL,1.0,0.98,↓ Relax,25.05,-0.02
CDC01,SKU084,20542.0,CSL,1.0,0.98,↓ Relax,54.59,-0.02
CDC01,SKU085,26501.0,CSL,0.993,0.98,↓ Relax,70.42,-0.013
CDC01,SKU086,262452.0,CSL,0.923,0.98,↑ Boost,29.76,0.057
CDC01,SKU087,12340.0,CSL,0.99,0.98,↓ Relax,32.79,-0.01
CDC01,SKU088,19370.0,CSL,0.998,0.98,↓ Relax,51.47,-0.018
CDC01,SKU089,500000.0,CSL,0.869,0.98,Max Capped,69.23,0.111
CDC01,SKU090,4794.0,CSL,1.0,0.98,↓ Relax,12.74,-0.02
CDC01,SKU091,27384.0,CSL,0.998,0.98,↓ Relax,72.77,-0.018
CDC01,SKU092,5931.0,CSL,0.999,0.98,↓ Relax,15.76,-0.019
CDC01,SKU093,17650.0,CSL,0.993,0.98,↓ Relax,46.9,-0.013
CDC01,SKU094,46332.0,CSL,0.983,0.98,Kept,78.8,-0.003
CDC01,SKU095,51849.0,CSL,0.971,0.98,↑ Adjust,31.35,0.009
CDC01,SKU096,10665.0,CSL,0.999,0.98,↓ Relax,28.34,-0.019
CDC01,SKU097,21109.0,CSL,1.0,0.98,↓ Relax,56.09,-0.02
CDC01,SKU098,212016.0,CSL,0.92,0.98,↑ Boost,48.08,0.06
CDC01,SKU099,11212.0,CSL,0.996,0.98,↓ Relax,29.8,-0.016
CDC01,SKU100,500000.0,CSL,0.864,0.98,Max Capped,41.38,0.116
CDC02,SKU001,127851.0,CSL,0.976,0.98,↑ Adjust,51.54,0.004
CDC02,SKU002,9192.0,CSL,0.998,0.98,↓ Relax,24.43,-0.018
CDC02,SKU003,207576.0,CSL,0.964,0.98,↑ Adjust,62.76,0.016
CDC02,SKU005,8664.0,CSL,0.998,0.98,↓ Relax,23.02,-0.018
CDC02,SKU006,12446.0,CSL,0.998,0.98,↓ Relax,33.07,-0.018
CDC02,SKU007,12676.0,CSL,1.0,0.98,↓ Relax,33.68,-0.02
CDC02,SKU008,17150.0,CSL,0.998,0.98,↓ Relax,45.57,-0.018
CDC02,SKU009,12798.0,CSL,0.999,0.98,↓ Relax,34.01,-0.019
CDC02,SKU010,281250.0,CSL,0.863,0.98,↑ Big Boost,21.26,0.117
CDC02,SKU012,56322.0,CSL,0.886,0.98,↑ Boost,12.77,0.094
CDC02,SKU013,18335.0,CSL,1.0,0.98,↓ Relax,48.72,-0.02
CDC02,SKU014,18658.0,CSL,1.0,0.98,↓ Relax,49.58,-0.02
CDC02,SKU015,489456.0,CSL,0.9,0.98,↑ Boost,37.0,0.08
CDC02,SKU016,11334.0,CSL,1.0,0.98,↓ Relax,30.12,-0.02
CDC02,SKU017,500000.0,CSL,0.869,0.98,Max Capped,35.67,0.111
CDC02,SKU018,18114.0,CSL,1.0,0.98,↓ Relax,48.13,-0.02
CDC02,SKU019,500000.0,CSL,0.871,0.98,Max Capped,33.84,0.109
CDC02,SKU020,10092.0,CSL,0.994,0.98,↓ Relax,26.82,-0.014
CDC02,SKU021,15925.0,CSL,0.999,0.98,↓ Relax,42.31,-0.019
CDC02,SKU022,19334.0,CSL,0.999,0.98,↓ Relax,51.38,-0.019
CDC02,SKU023,500000.0,CSL,0.851,0.98,Max Capped,29.6,0.129
CDC02,SKU024,500000.0,CSL,0.836,0.98,Max Capped,42.67,0.144
CDC02,SKU025,28719.0,CSL,0.988,0.98,Kept,48.84,-0.008
CDC02,SKU026,8017.0,CSL,1.0,0.98,↓ Relax,21.3,-0.02
CDC02,SKU027,9141.0,CSL,1.0,0.98,↓ Relax,24.29,-0.02
CDC02,SKU028,48448.0,CSL,0.904,0.98,↑ Boost,10.99,0.076
CDC02,SKU030,16570.0,CSL,0.99,0.98,↓ Relax,44.03,-0.01
CDC02,SKU031,13219.0,CSL,1.0,0.98,↓ Relax,35.13,-0.02
CDC02,SKU032,113445.0,CSL,0.974,0.98,↑ Adjust,68.6,0.006
CDC02,SKU033,65606.0,CSL,0.966,0.98,↑ Adjust,26.45,0.014
CDC02,SKU034,112440.0,CSL,0.92,0.98,↑ Boost,25.5,0.06
CDC02,SKU035,500000.0,CSL,0.84,0.98,Max Capped,44.28,0.14
CDC02,SKU036,500000.0,CSL,0.86,0.98,Max Capped,55.57,0.12
CDC02,SKU037,26165.0,CSL,0.993,0.98,↓ Relax,69.53,-0.013
CDC02,SKU038,24715.0,CSL,0.994,0.98,↓ Relax,65.68,-0.014
CDC02,SKU039,500000.0,CSL,0.813,0.98,Max Capped,39.02,0.167
CDC02,SKU040,16516.0,CSL,0.996,0.98,↓ Relax,43.89,-0.016
CDC02,SKU042,22491.0,CSL,1.0,0.98,↓ Relax,59.77,-0.02
CDC02,SKU043,63572.0,CSL,0.979,0.98,↑ Adjust,25.63,0.001
CDC02,SKU044,45120.0,CSL,0.976,0.98,↑ Adjust,34.1,0.004
CDC02,SKU045,338776.0,CSL,0.906,0.98,↑ Boost,57.62,0.074
CDC02,SKU046,61376.0,CSL,0.967,0.98,↑ Adjust,24.74,0.013
CDC02,SKU048,12878.0,CSL,0.998,0.98,↓ Relax,34.22,-0.018
CDC02,SKU049,9141.0,CSL,1.0,0.98,↓ Relax,24.29,-0.02
CDC02,SKU051,36519.0,CSL,0.99,0.98,Kept,41.4,-0.01
CDC02,SKU052,14839.0,CSL,0.998,0.98,↓ Relax,39.43,-0.018
CDC02,SKU053,4189.0,CSL,1.0,0.98,↓ Relax,11.13,-0.02
CDC02,SKU054,11877.0,CSL,0.975,0.98,↑ Adjust,13.47,0.005
CDC02,SKU056,7545.0,CSL,1.0,0.98,↓ Relax,20.05,-0.02
CDC02,SKU057,20237.0,CSL,0.999,0.98,↓ Relax,53.78,-0.019
CDC02,SKU058,15585.0,CSL,1.0,0.98,↓ Relax,41.41,-0.02
CDC02,SKU059,198864.0,CSL,0.933,0.98,↑ Adjust,45.09,0.047
CDC02,SKU060,194576.0,CSL,0.947,0.98,↑ Adjust,39.22,0.033
CDC02,SKU061,13590.0,CSL,0.998,0.98,↓ Relax,36.11,-0.018
CDC02,SKU062,500000.0,CSL,0.839,0.98,Max Capped,28.25,0.141
CDC02,SKU063,500000.0,CSL,0.857,0.98,Max Capped,46.46,0.123
CDC02,SKU064,56331.0,CSL,0.964,0.98,↑ Adjust,34.06,0.016
CDC02,SKU065,43839.0,CSL,0.975,0.98,↑ Adjust,33.14,0.005
CDC02,SKU066,11138.0,CSL,1.0,0.98,↓ Relax,29.6,-0.02
CDC02,SKU067,11354.0,CSL,0.997,0.98,↓ Relax,30.17,-0.017
CDC02,SKU069,500000.0,CSL,0.859,0.98,Max Capped,52.35,0.121
CDC02,SKU070,18514.0,CSL,0.995,0.98,↓ Relax,49.2,-0.015
CDC02,SKU071,121260.0,CSL,0.88,0.98,↑ Boost,27.5,0.1
CDC02,SKU072,165807.0,CSL,0.961,0.98,↑ Adjust,50.13,0.019
CDC02,SKU073,373596.0,CSL,0.924,0.98,↑ Boost,42.36,0.056
CDC02,SKU074,500000.0,CSL,0.757,0.98,Max Capped,28.71,0.223
CDC02,SKU075,17410.0,CSL,0.997,0.98,↓ Relax,46.26,-0.017
CDC02,SKU076,450660.0,CSL,0.909,0.98,↑ Boost,51.09,0.071
CDC02,SKU077,7994.0,CSL,0.988,0.98,Kept,13.59,-0.008
CDC02,SKU078,18203.0,CSL,0.996,0.98,↓ Relax,48.37,-0.016
CDC02,SKU079,13379.0,CSL,1.0,0.98,↓ Relax,35.55,-0.02
CDC02,SKU080,10695.0,CSL,1.0,0.98,↓ Relax,28.42,-0.02
CDC02,SKU081,9150.0,CSL,0.999,0.98,↓ Relax,24.31,-0.019
CDC02,SKU082,497718.0,CSL,0.371,0.98,↑ Big Boost,37.62,0.609
CDC02,SKU083,9426.0,CSL,0.998,0.98,↓ Relax,25.05,-0.018
CDC02,SKU085,26501.0,CSL,0.999,0.98,↓ Relax,70.42,-0.019
CDC02,SKU086,11198.0,CSL,0.997,0.98,↓ Relax,29.76,-0.017
CDC02,SKU087,144608.0,CSL,0.929,0.98,↑ Boost,32.79,0.051
CDC02,SKU088,19370.0,CSL,1.0,0.98,↓ Relax,51.47,-0.02
CDC02,SKU089,500000.0,CSL,0.831,0.98,Max Capped,69.23,0.149
CDC02,SKU090,4794.0,CSL,1.0,0.98,↓ Relax,12.74,-0.02
CDC02,SKU091,64180.0,CSL,0.987,0.98,Kept,72.77,-0.007
CDC02,SKU092,7414.0,CSL,0.993,0.98,↓ Relax,15.76,-0.013
CDC02,SKU093,206838.0,CSL,0.94,0.98,↑ Adjust,46.9,0.04
CDC02,SKU094,29653.0,CSL,1.0,0.98,↓ Relax,78.8,-0.02
CDC02,SKU096,10665.0,CSL,1.0,0.98,↓ Relax,28.34,-0.02
CDC02,SKU098,477036.0,CSL,0.864,0.98,↑ Big Boost,48.08,0.116
CDC02,SKU099,11212.0,CSL,0.998,0.98,↓ Relax,29.8,-0.018
CDC02,SKU100,500000.0,CSL,0.826,0.98,Max Capped,41.38,0.154
IDC01,PM001,9459.0,FillRate,0.596,0.98,↑ Big Boost,1.79,0.384
IDC01,PM002,12915.0,FillRate,0.693,0.98,↑ Big Boost,1.95,0.287
IDC01,PM003,19332.0,FillRate,0.817,0.98,↑ Big Boost,0.97,0.163
IDC01,PM004,5751.0,FillRate,0.639,0.98,↑ Big Boost,1.09,0.341
IDC01,PM005,4144.0,FillRate,0.898,0.98,↑ Boost,1.41,0.082
IDC01,PM006,1971.0,FillRate,0.5,0.98,↑ Big Boost,0.37,0.48
IDC01,PM007,3888.0,FillRate,0.862,0.98,↑ Big Boost,0.39,0.118
IDC01,PM008,4785.0,FillRate,0.93,0.98,↑ Adjust,1.93,0.049
IDC01,PM009,11268.0,FillRate,0.842,0.98,↑ Big Boost,1.14,0.138
IDC01,PM011,1400.0,FillRate,0.942,0.98,↑ Adjust,1.06,0.038
IDC01,PM012,666.0,FillRate,0.513,0.98,↑ Big Boost,0.13,0.467
IDC01,PM013,3078.0,FillRate,0.625,0.98,↑ Big Boost,0.58,0.355
IDC01,PM014,10404.0,FillRate,0.637,0.98,↑ Big Boost,1.97,0.343
IDC01,PM015,18666.0,FillRate,0.79,0.98,↑ Big Boost,1.88,0.19
IDC01,PM016,1848.0,FillRate,0.928,0.98,↑ Boost,1.05,0.052
IDC01,PM017,4842.0,FillRate,0.871,0.98,↑ Big Boost,0.73,0.109
IDC01,PM018,7686.0,FillRate,0.451,0.98,↑ Big Boost,1.45,0.529
IDC01,PM019,2106.0,FillRate,0.632,0.98,↑ Big Boost,0.4,0.348
IDC01,PM020,1863.0,FillRate,0.933,0.98,↑ Adjust,1.41,0.046
IDC01,PM022,15768.0,FillRate,0.825,0.98,↑ Big Boost,1.59,0.155
IDC01,PM023,5823.0,FillRate,0.403,0.98,↑ Big Boost,1.1,0.577
IDC01,PM025,2574.0,FillRate,0.574,0.98,↑ Big Boost,0.49,0.406
IDC01,PM026,8577.0,FillRate,0.556,0.98,↑ Big Boost,1.62,0.424
IDC01,PM027,3510.0,FillRate,0.572,0.98,↑ Big Boost,0.66,0.408
IDC01,PM029,19305.0,FillRate,0.745,0.98,↑ Big Boost,1.95,0.235
IDC01,PM030,6237.0,FillRate,0.568,0.98,↑ Big Boost,1.18,0.412
IDC01,PM031,6336.0,FillRate,0.905,0.98,↑ Boost,1.44,0.075
IDC01,PM032,4758.0,FillRate,0.944,0.98,↑ Adjust,1.44,0.036
IDC01,PM033,3747.0,FillRate,0.935,0.98,↑ Adjust,1.51,0.045
IDC01,PM035,5517.0,FillRate,0.552,0.98,↑ Big Boost,1.04,0.428
IDC01,PM036,8838.0,FillRate,0.602,0.98,↑ Big Boost,1.67,0.378
IDC01,PM037,9369.0,FillRate,0.851,0.98,↑ Big Boost,0.94,0.129
IDC01,PM038,9792.0,FillRate,0.612,0.98,↑ Big Boost,1.85,0.368
IDC01,PM039,5508.0,FillRate,0.84,0.98,↑ Big Boost,0.56,0.14
IDC01,PM040,8532.0,FillRate,0.841,0.98,↑ Big Boost,0.86,0.139
IDC01,PM041,21834.0,FillRate,0.843,0.98,↑ Big Boost,1.65,0.137
IDC01,PM044,15138.0,FillRate,0.677,0.98,↑ Big Boost,1.52,0.303
IDC01,PM045,1188.0,FillRate,0.378,0.98,↑ Big Boost,0.22,0.602
IDC01,PM046,990.0,FillRate,0.555,0.98,↑ Big Boost,0.19,0.425
IDC01,PM047,7506.0,FillRate,0.584,0.98,↑ Big Boost,1.42,0.396
IDC01,PM048,6066.0,FillRate,0.525,0.98,↑ Big Boost,1.14,0.455
IDC01,PM049,10098.0,FillRate,0.843,0.98,↑ Big Boost,1.91,0.137
IDC01,PM050,10143.0,FillRate,0.527,0.98,↑ Big Boost,1.92,0.453
IDC01,PM052,7254.0,FillRate,0.597,0.98,↑ Big Boost,1.37,0.383
IDC01,PM054,10512.0,FillRate,0.685,0.98,↑ Big Boost,1.99,0.295
IDC01,PM056,5085.0,FillRate,0.667,0.98,↑ Big Boost,0.96,0.313
IDC01,PM058,13068.0,FillRate,0.742,0.98,↑ Big Boost,1.32,0.238
IDC01,PM059,17172.0,FillRate,0.786,0.98,↑ Big Boost,1.3,0.194
IDC01,PM060,11394.0,FillRate,0.786,0.98,↑ Big Boost,1.15,0.194
IDC01,PM061,8667.0,FillRate,0.791,0.98,↑ Big Boost,0.87,0.189
IDC01,PM062,5472.0,FillRate,0.835,0.98,↑ Big Boost,0.55,0.145
IDC01,PM063,15354.0,FillRate,0.768,0.98,↑ Big Boost,1.55,0.212
IDC01,PM064,14976.0,FillRate,0.812,0.98,↑ Big Boost,1.51,0.168
IDC01,PM065,1098.0,FillRate,0.701,0.98,↑ Big Boost,0.11,0.279
IDC01,PM066,10575.0,FillRate,0.698,0.98,↑ Big Boost,2.0,0.282
IDC01,PM067,3150.0,FillRate,0.378,0.98,↑ Big Boost,0.59,0.602
IDC01,PM068,7731.0,FillRate,0.391,0.98,↑ Big Boost,1.46,0.589
IDC01,PM069,11016.0,FillRate,0.772,0.98,↑ Big Boost,1.11,0.208
IDC01,PM070,540.0,FillRate,0.931,0.98,↑ Adjust,0.22,0.049
IDC01,PM071,5562.0,FillRate,0.459,0.98,↑ Big Boost,1.05,0.521
IDC01,PM072,9873.0,FillRate,0.392,0.98,↑ Big Boost,1.87,0.588
IDC01,PM073,9198.0,FillRate,0.787,0.98,↑ Big Boost,0.7,0.193
IDC01,PM074,4014.0,FillRate,0.842,0.98,↑ Big Boost,0.4,0.138
IDC01,PM075,6768.0,FillRate,0.823,0.98,↑ Big Boost,0.68,0.157
IDC01,PM076,7614.0,FillRate,0.428,0.98,↑ Big Boost,1.44,0.552
IDC01,PM077,12618.0,FillRate,0.677,0.98,↑ Big Boost,1.91,0.303
IDC01,PM078,1476.0,FillRate,0.775,0.98,↑ Big Boost,0.15,0.205
IDC01,PM080,5196.0,FillRate,0.892,0.98,↑ Boost,1.18,0.088
IDC01,PM083,1395.0,FillRate,0.602,0.98,↑ Big Boost,0.26,0.378
IDC01,PM085,1836.0,FillRate,0.697,0.98,↑ Big Boost,0.35,0.283
IDC01,PM087,7904.0,FillRate,0.907,0.98,↑ Boost,1.79,0.073
IDC01,PM088,14283.0,FillRate,0.802,0.98,↑ Big Boost,1.44,0.178
IDC01,PM089,5346.0,FillRate,0.58,0.98,↑ Big Boost,1.01,0.4
IDC01,PM091,4662.0,FillRate,0.846,0.98,↑ Big Boost,0.47,0.134
IDC01,PM092,10080.0,FillRate,0.545,0.98,↑ Big Boost,1.91,0.434
IDC01,PM094,400.0,FillRate,0.9,0.98,↑ Boost,0.14,0.08
IDC01,PM095,5229.0,FillRate,0.712,0.98,↑ Big Boost,0.99,0.268
IDC01,PM096,2816.0,FillRate,0.922,0.98,↑ Boost,0.96,0.058
IDC01,PM097,2835.0,FillRate,0.797,0.98,↑ Big Boost,0.29,0.183
IDC01,PM100,1674.0,FillRate,0.633,0.98,↑ Big Boost,0.32,0.347
IDC01,RM001,16182.0,FillRate,0.83,0.98,↑ Big Boost,1.63,0.15
IDC01,RM002,15642.0,FillRate,0.731,0.98,↑ Big Boost,1.58,0.249
IDC01,RM003,18054.0,FillRate,0.805,0.98,↑ Big Boost,1.82,0.175
IDC01,RM004,488.0,FillRate,0.891,0.98,↑ Boost,0.17,0.089
IDC01,RM005,3915.0,FillRate,0.445,0.98,↑ Big Boost,0.74,0.535
IDC01,RM007,10458.0,FillRate,0.635,0.98,↑ Big Boost,1.98,0.345
IDC01,RM008,4104.0,FillRate,0.74,0.98,↑ Big Boost,0.31,0.24
IDC01,RM009,12096.0,FillRate,0.737,0.98,↑ Big Boost,1.22,0.243
IDC01,RM013,4023.0,FillRate,0.786,0.98,↑ Big Boost,0.41,0.194
IDC01,RM017,7434.0,FillRate,0.665,0.98,↑ Big Boost,0.75,0.315
IDC01,RM018,10233.0,FillRate,0.637,0.98,↑ Big Boost,1.93,0.343
IDC01,RM019,6750.0,FillRate,0.507,0.98,↑ Big Boost,1.28,0.473
IDC01,RM021,8091.0,FillRate,0.62,0.98,↑ Big Boost,1.53,0.36
IDC01,RM022,13581.0,FillRate,0.69,0.98,↑ Big Boost,1.37,0.29
IDC01,RM023,12528.0,FillRate,0.817,0.98,↑ Big Boost,1.26,0.163
IDC01,RM024,1104.0,FillRate,0.908,0.98,↑ Boost,0.38,0.072
IDC01,RM025,2448.0,FillRate,0.668,0.98,↑ Big Boost,0.46,0.312
IDC01,RM026,14418.0,FillRate,0.718,0.98,↑ Big Boost,1.45,0.262
IDC01,RM027,7596.0,FillRate,0.803,0.98,↑ Big Boost,0.77,0.177
IDC01,RM028,3294.0,FillRate,0.757,0.98,↑ Big Boost,0.33,0.223
IDC01,RM029,2106.0,FillRate,0.481,0.98,↑ Big Boost,0.4,0.499
IDC01,RM030,5688.0,FillRate,0.799,0.98,↑ Big Boost,0.57,0.181
IDC01,RM031,10350.0,FillRate,0.778,0.98,↑ Big Boost,1.04,0.202
IDC01,RM032,5490.0,FillRate,0.527,0.98,↑ Big Boost,1.04,0.453
IDC01,RM033,7290.0,FillRate,0.635,0.98,↑ Big Boost,1.38,0.345
IDC01,RM035,10557.0,FillRate,0.808,0.98,↑ Big Boost,1.06,0.171
IDC01,RM037,2466.0,FillRate,0.737,0.98,↑ Big Boost,0.25,0.243
IDC01,RM038,1143.0,FillRate,0.523,0.98,↑ Big Boost,0.22,0.457
IDC01,RM039,5193.0,FillRate,0.395,0.98,↑ Big Boost,0.98,0.585
IDC01,RM040,2250.0,FillRate,0.477,0.98,↑ Big Boost,0.43,0.503
IDC01,RM041,3078.0,FillRate,0.391,0.98,↑ Big Boost,0.58,0.589
IDC01,RM043,13203.0,FillRate,0.838,0.98,↑ Big Boost,1.33,0.142
IDC01,RM044,25110.0,FillRate,0.812,0.98,↑ Big Boost,1.9,0.168
IDC01,RM046,11574.0,FillRate,0.782,0.98,↑ Big Boost,0.87,0.198
IDC01,RM047,2061.0,FillRate,0.394,0.98,↑ Big Boost,0.39,0.586
IDC01,RM048,8199.0,FillRate,0.526,0.98,↑ Big Boost,1.55,0.454
IDC01,RM049,18000.0,FillRate,0.843,0.98,↑ Big Boost,1.81,0.137
IDC01,RM050,10053.0,FillRate,0.6,0.98,↑ Big Boost,1.9,0.38
IDC01,RM051,3663.0,FillRate,0.763,0.98,↑ Big Boost,0.55,0.217
IDC01,RM052,3222.0,FillRate,0.632,0.98,↑ Big Boost,0.61,0.348
IDC01,RM053,3987.0,FillRate,0.595,0.98,↑ Big Boost,0.75,0.385
IDC01,RM054,1908.0,FillRate,0.843,0.98,↑ Big Boost,0.19,0.137
IDC01,RM055,17964.0,FillRate,0.812,0.98,↑ Big Boost,1.81,0.168
IDC01,RM056,9288.0,FillRate,0.533,0.98,↑ Big Boost,1.76,0.447
IDC01,RM057,2448.0,FillRate,0.596,0.98,↑ Big Boost,0.46,0.384
IDC01,RM058,14544.0,FillRate,0.826,0.98,↑ Big Boost,1.47,0.154
IDC01,RM059,13689.0,FillRate,0.8,0.98,↑ Big Boost,1.38,0.18
IDC01,RM061,1566.0,FillRate,0.403,0.98,↑ Big Boost,0.3,0.577
IDC01,RM062,16767.0,FillRate,0.643,0.98,↑ Big Boost,1.69,0.337
IDC01,RM063,12825.0,FillRate,0.703,0.98,↑ Big Boost,1.29,0.277
IDC01,RM064,3420.0,FillRate,0.861,0.98,↑ Big Boost,0.34,0.119
IDC01,RM066,8730.0,FillRate,0.549,0.98,↑ Big Boost,1.65,0.431
IDC01,RM067,6291.0,FillRate,0.793,0.98,↑ Big Boost,0.63,0.186
IDC01,RM068,6728.0,FillRate,0.896,0.98,↑ Boost,1.52,0.084
IDC01,RM069,9855.0,FillRate,0.537,0.98,↑ Big Boost,1.86,0.443
IDC01,RM070,5720.0,FillRate,0.883,0.98,↑ Boost,1.3,0.097
IDC01,RM071,14220.0,FillRate,0.804,0.98,↑ Big Boost,1.07,0.176
IDC01,RM072,2511.0,FillRate,0.832,0.98,↑ Big Boost,0.25,0.148
IDC01,RM073,10530.0,FillRate,0.601,0.98,↑ Big Boost,1.99,0.379
IDC01,RM074,2754.0,FillRate,0.561,0.98,↑ Big Boost,0.52,0.418
IDC01,RM075,5598.0,FillRate,0.86,0.98,↑ Big Boost,0.57,0.12
IDC01,RM076,7686.0,FillRate,0.685,0.98,↑ Big Boost,1.45,0.295
IDC01,RM078,1251.0,FillRate,0.541,0.98,↑ Big Boost,0.24,0.439
IDC01,RM079,3006.0,FillRate,0.599,0.98,↑ Big Boost,0.57,0.381
IDC01,RM080,12393.0,FillRate,0.864,0.98,↑ Big Boost,1.25,0.116
IDC01,RM081,13005.0,FillRate,0.852,0.98,↑ Big Boost,1.97,0.128
IDC01,RM082,4293.0,FillRate,0.779,0.98,↑ Big Boost,0.43,0.201
IDC01,RM083,12960.0,FillRate,0.793,0.98,↑ Big Boost,1.31,0.186
IDC01,RM085,1926.0,FillRate,0.86,0.98,↑ Big Boost,0.19,0.12
IDC01,RM086,18981.0,FillRate,0.762,0.98,↑ Big Boost,1.91,0.218
IDC01,RM087,4257.0,FillRate,0.659,0.98,↑ Big Boost,0.8,0.321
IDC01,RM089,4221.0,FillRate,0.533,0.98,↑ Big Boost,0.8,0.447
IDC01,RM091,14769.0,FillRate,0.875,0.98,↑ Big Boost,1.49,0.105
IDC01,RM093,11583.0,FillRate,0.782,0.98,↑ Big Boost,1.17,0.198
IDC01,RM095,3600.0,FillRate,0.616,0.98,↑ Big Boost,0.68,0.364
IDC01,RM096,6120.0,FillRate,0.545,0.98,↑ Big Boost,1.16,0.435
IDC01,RM097,7614.0,FillRate,0.598,0.98,↑ Big Boost,1.44,0.382
IDC01,RM098,1539.0,FillRate,0.837,0.98,↑ Big Boost,0.23,0.143
IDC01,RM099,3735.0,FillRate,0.486,0.98,↑ Big Boost,0.71,0.494
IDC01,RM100,5418.0,FillRate,0.579,0.98,↑ Big Boost,1.02,0.401
IDC01,RM101,6894.0,FillRate,0.878,0.98,↑ Big Boost,1.3,0.102
IDC01,RM102,11466.0,FillRate,0.796,0.98,↑ Big Boost,1.15,0.184
IDC01,RM104,765.0,FillRate,0.63,0.98,↑ Big Boost,0.14,0.35
IDC01,RM105,16002.0,FillRate,0.734,0.98,↑ Big Boost,1.61,0.246
IDC01,RM106,4230.0,FillRate,0.558,0.98,↑ Big Boost,0.8,0.422
IDC01,RM107,3438.0,FillRate,0.46,0.98,↑ Big Boost,0.65,0.52
IDC01,RM108,6750.0,FillRate,0.592,0.98,↑ Big Boost,1.27,0.388
IDC01,RM109,3492.0,FillRate,0.813,0.98,↑ Big Boost,0.53,0.167
IDC01,RM110,8262.0,FillRate,0.635,0.98,↑ Big Boost,1.56,0.345
IDC01,RM111,3258.0,FillRate,0.636,0.98,↑ Big Boost,0.62,0.344
IDC01,RM112,15390.0,FillRate,0.777,0.98,↑ Big Boost,1.55,0.203
IDC01,RM113,1206.0,FillRate,0.682,0.98,↑ Big Boost,0.23,0.298
IDC01,RM114,5265.0,FillRate,0.493,0.98,↑ Big Boost,0.99,0.487
IDC01,RM115,2493.0,FillRate,0.55,0.98,↑ Big Boost,0.47,0.429
IDC01,RM116,3942.0,FillRate,0.815,0.98,↑ Big Boost,0.4,0.165
IDC01,RM117,990.0,FillRate,0.874,0.98,↑ Big Boost,0.15,0.106
IDC01,RM118,11061.0,FillRate,0.826,0.98,↑ Big Boost,1.67,0.154
IDC01,RM119,12042.0,FillRate,0.682,0.98,↑ Big Boost,1.21,0.298
IDC01,RM121,558.0,FillRate,0.542,0.98,↑ Big Boost,0.11,0.438
IDC01,RM122,3510.0,FillRate,0.68,0.98,↑ Big Boost,0.66,0.3
IDC01,RM124,15255.0,FillRate,0.796,0.98,↑ Big Boost,1.54,0.184
IDC01,RM125,3564.0,FillRate,0.682,0.98,↑ Big Boost,0.67,0.298
IDC01,RM126,15768.0,FillRate,0.739,0.98,↑ Big Boost,1.59,0.241
IDC01,RM127,4194.0,FillRate,0.572,0.98,↑ Big Boost,0.79,0.408
IDC01,RM128,783.0,FillRate,0.533,0.98,↑ Big Boost,0.15,0.447
IDC01,RM130,7578.0,FillRate,0.481,0.98,↑ Big Boost,1.43,0.498
IDC01,RM132,8190.0,FillRate,0.849,0.98,↑ Big Boost,0.83,0.131
IDC01,RM133,1539.0,FillRate,0.839,0.98,↑ Big Boost,0.23,0.141
IDC01,RM134,16992.0,FillRate,0.794,0.98,↑ Big Boost,1.71,0.186
IDC01,RM135,15030.0,FillRate,0.822,0.98,↑ Big Boost,1.51,0.158
IDC01,RM137,4671.0,FillRate,0.575,0.98,↑ Big Boost,0.88,0.405
IDC01,RM138,5112.0,FillRate,0.482,0.98,↑ Big Boost,0.97,0.498
IDC01,RM139,8181.0,FillRate,0.707,0.98,↑ Big Boost,1.55,0.273
IDC01,RM140,6462.0,FillRate,0.576,0.98,↑ Big Boost,1.22,0.404
IDC01,RM141,3124.0,FillRate,0.897,0.98,↑ Boost,1.06,0.083
IDC01,RM142,3016.0,FillRate,0.921,0.98,↑ Boost,1.28,0.059
IDC01,RM143,20988.0,FillRate,0.784,0.98,↑ Big Boost,1.59,0.196
IDC01,RM144,2106.0,FillRate,0.488,0.98,↑ Big Boost,0.4,0.492
IDC01,RM145,3336.0,FillRate,0.918,0.98,↑ Boost,1.13,0.062
IDC01,RM146,7155.0,FillRate,0.779,0.98,↑ Big Boost,0.72,0.201
IDC01,RM148,4950.0,FillRate,0.481,0.98,↑ Big Boost,0.94,0.499
IDC01,RM149,12411.0,FillRate,0.84,0.98,↑ Big Boost,1.88,0.14
IDC01,RM150,2372.0,FillRate,0.931,0.98,↑ Adjust,0.96,0.049
IDC01,RM151,8883.0,FillRate,0.384,0.98,↑ Big Boost,1.68,0.596
IDC01,RM152,18324.0,FillRate,0.707,0.98,↑ Big Boost,1.85,0.273
IDC01,RM154,5202.0,FillRate,0.82,0.98,↑ Big Boost,0.52,0.16
IDC01,RM157,8154.0,FillRate,0.576,0.98,↑ Big Boost,1.54,0.404
IDC01,RM158,5824.0,FillRate,0.896,0.98,↑ Boost,1.98,0.084
IDC01,RM159,16227.0,FillRate,0.72,0.98,↑ Big Boost,1.63,0.26
IDC01,RM160,17370.0,FillRate,0.731,0.98,↑ Big Boost,1.75,0.249
IDC01,RM161,4554.0,FillRate,0.682,0.98,↑ Big Boost,0.86,0.298
IDC01,RM163,7938.0,FillRate,0.575,0.98,↑ Big Boost,1.5,0.405
IDC01,RM164,5670.0,FillRate,0.763,0.98,↑ Big Boost,0.86,0.217
IDC01,RM165,1530.0,FillRate,0.815,0.98,↑ Big Boost,0.12,0.165
IDC01,RM168,15228.0,FillRate,0.747,0.98,↑ Big Boost,1.54,0.233
IDC01,RM169,2853.0,FillRate,0.658,0.98,↑ Big Boost,0.54,0.322
IDC01,RM170,594.0,FillRate,0.623,0.98,↑ Big Boost,0.11,0.357
IDC01,RM171,2700.0,FillRate,0.79,0.98,↑ Big Boost,0.27,0.19
IDC01,RM172,5868.0,FillRate,0.841,0.98,↑ Big Boost,0.59,0.139
IDC01,RM173,8928.0,FillRate,0.653,0.98,↑ Big Boost,1.35,0.327
IDC01,RM174,1332.0,FillRate,0.702,0.98,↑ Big Boost,0.13,0.278
IDC01,RM175,8460.0,FillRate,0.773,0.98,↑ Big Boost,0.85,0.207
IDC01,RM176,2322.0,FillRate,0.637,0.98,↑ Big Boost,0.44,0.343
IDC01,RM177,15408.0,FillRate,0.869,0.98,↑ Big Boost,1.55,0.111
IDC01,RM178,16326.0,FillRate,0.716,0.98,↑ Big Boost,1.64,0.264
IDC01,RM179,5814.0,FillRate,0.631,0.98,↑ Big Boost,1.1,0.349
IDC01,RM180,5769.0,FillRate,0.617,0.98,↑ Big Boost,1.09,0.363
IDC01,RM181,12276.0,FillRate,0.786,0.98,↑ Big Boost,1.24,0.194
IDC01,RM182,2403.0,FillRate,0.484,0.98,↑ Big Boost,0.45,0.496
IDC01,RM183,9864.0,FillRate,0.49,0.98,↑ Big Boost,1.86,0.49
IDC01,RM184,6750.0,FillRate,0.786,0.98,↑ Big Boost,0.68,0.194
IDC01,RM185,4880.0,FillRate,0.895,0.98,↑ Boost,1.11,0.085
IDC01,RM186,17532.0,FillRate,0.755,0.98,↑ Big Boost,1.32,0.225
IDC01,RM187,18927.0,FillRate,0.756,0.98,↑ Big Boost,1.91,0.224
IDC01,RM188,680.0,FillRate,0.896,0.98,↑ Boost,0.23,0.084
IDC01,RM189,4878.0,FillRate,0.403,0.98,↑ Big Boost,0.92,0.577
IDC01,RM190,1080.0,FillRate,0.79,0.98,↑ Big Boost,0.11,0.19
IDC01,RM191,1287.0,FillRate,0.495,0.98,↑ Big Boost,0.24,0.485
IDC01,RM192,12114.0,FillRate,0.82,0.98,↑ Big Boost,1.22,0.16
IDC01,RM193,9081.0,FillRate,0.617,0.98,↑ Big Boost,1.72,0.363
IDC01,RM194,7038.0,FillRate,0.687,0.98,↑ Big Boost,0.71,0.293
IDC01,RM195,11052.0,FillRate,0.854,0.98,↑ Big Boost,1.11,0.126
IDC01,RM196,10026.0,FillRate,0.59,0.98,↑ Big Boost,1.89,0.39
IDC01,RM198,12996.0,FillRate,0.669,0.98,↑ Big Boost,1.96,0.311
IDC01,RM199,11556.0,FillRate,0.878,0.98,↑ Big Boost,1.16,0.102
IDC01,RM200,5562.0,FillRate,0.713,0.98,↑ Big Boost,0.56,0.267
IDC01,SKU001,170469.0,FillRate,0.966,0.98,↑ Adjust,51.54,0.014
IDC01,SKU002,121190.0,FillRate,0.973,0.98,↑ Adjust,24.43,0.007
IDC01,SKU003,311364.0,FillRate,0.969,0.98,↑ Adjust,62.76,0.011
IDC01,SKU004,100413.0,FillRate,0.98,0.98,↑ Adjust,30.36,0.0
IDC01,SKU005,33846.0,FillRate,0.983,0.98,Kept,23.02,-0.003
IDC01,SKU006,36462.0,FillRate,0.987,0.98,Kept,33.07,-0.007
IDC01,SKU007,31690.0,FillRate,0.998,0.98,↓ Relax,33.68,-0.018
IDC01,SKU008,66990.0,FillRate,0.982,0.98,Kept,45.57,-0.002
IDC01,SKU009,84362.0,FillRate,0.98,0.98,↑ Adjust,34.01,0.0
IDC01,SKU010,421875.0,FillRate,0.87,0.98,↑ Big Boost,21.26,0.11
IDC01,SKU011,38899.0,FillRate,1.0,0.98,↓ Relax,41.35,-0.02
IDC01,SKU012,253449.0,FillRate,0.849,0.98,↑ Big Boost,12.77,0.131
IDC01,SKU013,53716.0,FillRate,0.989,0.98,Kept,48.72,-0.009
IDC01,SKU014,34984.0,FillRate,0.996,0.98,↓ Relax,49.58,-0.016
IDC01,SKU015,183546.0,FillRate,0.944,0.98,↑ Adjust,37.0,0.036
IDC01,SKU016,21250.0,FillRate,0.995,0.98,↓ Relax,30.12,-0.015
IDC01,SKU017,235962.0,FillRate,0.936,0.98,↑ Adjust,35.67,0.044
IDC01,SKU018,106137.0,FillRate,0.975,0.98,↑ Adjust,48.13,0.005
IDC01,SKU019,298476.0,FillRate,0.891,0.98,↑ Boost,33.84,0.089
IDC01,SKU020,133050.0,FillRate,0.942,0.98,↑ Adjust,26.82,0.038
IDC01,SKU021,139959.0,FillRate,0.959,0.98,↑ Adjust,42.31,0.021
IDC01,SKU022,56642.0,FillRate,0.985,0.98,Kept,51.38,-0.005
IDC01,SKU023,146847.0,FillRate,0.938,0.98,↑ Adjust,29.6,0.042
IDC01,SKU024,376344.0,FillRate,0.897,0.98,↑ Boost,42.67,0.083
IDC01,SKU025,242319.0,FillRate,0.941,0.98,↑ Adjust,48.84,0.039
IDC01,SKU026,20042.0,FillRate,0.99,0.98,↓ Relax,21.3,-0.01
IDC01,SKU027,35704.0,FillRate,0.985,0.98,Kept,24.29,-0.005
IDC01,SKU028,145350.0,FillRate,0.87,0.98,↑ Big Boost,10.99,0.11
IDC01,SKU029,28418.0,FillRate,1.0,0.98,↓ Relax,40.27,-0.02
IDC01,SKU030,218457.0,FillRate,0.942,0.98,↑ Adjust,44.03,0.038
IDC01,SKU031,51638.0,FillRate,0.984,0.98,Kept,35.13,-0.004
IDC01,SKU032,170168.0,FillRate,0.968,0.98,↑ Adjust,68.6,0.012
IDC01,SKU033,131214.0,FillRate,0.953,0.98,↑ Adjust,26.45,0.027
IDC01,SKU034,126495.0,FillRate,0.936,0.98,↑ Adjust,25.5,0.044
IDC01,SKU035,390588.0,FillRate,0.897,0.98,↑ Boost,44.28,0.083
IDC01,SKU036,490104.0,FillRate,0.923,0.98,↑ Boost,55.57,0.057
IDC01,SKU037,500000.0,FillRate,0.896,0.98,Max Capped,69.53,0.084
IDC01,SKU038,217228.0,FillRate,0.942,0.98,↑ Adjust,65.68,0.038
IDC01,SKU039,344160.0,FillRate,0.915,0.98,↑ Boost,39.02,0.065
IDC01,SKU040,145161.0,FillRate,0.973,0.98,↑ Adjust,43.89,0.007
IDC01,SKU041,38633.0,FillRate,1.0,0.98,↓ Relax,54.75,-0.02
IDC01,SKU042,42170.0,FillRate,0.994,0.98,↓ Relax,59.77,-0.014
IDC01,SKU043,84762.0,FillRate,0.969,0.98,↑ Adjust,25.63,0.011
IDC01,SKU044,112797.0,FillRate,0.948,0.98,↑ Adjust,34.1,0.032
IDC01,SKU045,381124.0,FillRate,0.927,0.98,↑ Boost,57.62,0.053
IDC01,SKU046,122748.0,FillRate,0.952,0.98,↑ Adjust,24.74,0.028
IDC01,SKU047,88473.0,FillRate,0.955,0.98,↑ Adjust,17.83,0.025
IDC01,SKU048,169776.0,FillRate,0.959,0.98,↑ Adjust,34.22,0.021
IDC01,SKU049,17138.0,FillRate,0.999,0.98,↓ Relax,24.29,-0.019
IDC01,SKU050,136491.0,FillRate,0.979,0.98,↑ Adjust,27.51,0.001
IDC01,SKU051,136944.0,FillRate,0.95,0.98,↑ Adjust,41.4,0.03
IDC01,SKU052,130424.0,FillRate,0.962,0.98,↑ Adjust,39.43,0.018
IDC01,SKU053,15707.0,FillRate,0.991,0.98,↓ Relax,11.13,-0.011
IDC01,SKU054,118776.0,FillRate,0.918,0.98,↑ Boost,13.47,0.062
IDC01,SKU055,41227.0,FillRate,0.998,0.98,↓ Relax,58.43,-0.018
IDC01,SKU056,14146.0,FillRate,0.994,0.98,↓ Relax,20.05,-0.014
IDC01,SKU057,47430.0,FillRate,0.989,0.98,Kept,53.78,-0.009
IDC01,SKU058,29221.0,FillRate,0.992,0.98,↓ Relax,41.41,-0.012
IDC01,SKU059,223722.0,FillRate,0.942,0.98,↑ Adjust,45.09,0.038
IDC01,SKU060,194576.0,FillRate,0.94,0.98,↑ Adjust,39.22,0.04
IDC01,SKU061,119444.0,FillRate,0.97,0.98,↑ Adjust,36.11,0.01
IDC01,SKU062,140157.0,FillRate,0.938,0.98,↑ Adjust,28.25,0.042
IDC01,SKU063,409812.0,FillRate,0.909,0.98,↑ Boost,46.46,0.071
IDC01,SKU064,112662.0,FillRate,0.966,0.98,↑ Adjust,34.06,0.014
IDC01,SKU065,164397.0,FillRate,0.943,0.98,↑ Adjust,33.14,0.037
IDC01,SKU066,20885.0,FillRate,0.999,0.98,↓ Relax,29.6,-0.019
IDC01,SKU067,266112.0,FillRate,0.912,0.98,↑ Boost,30.17,0.068
IDC01,SKU068,35899.0,FillRate,0.998,0.98,↓ Relax,50.88,-0.018
IDC01,SKU069,259734.0,FillRate,0.935,0.98,↑ Adjust,52.35,0.045
IDC01,SKU070,244074.0,FillRate,0.94,0.98,↑ Adjust,49.2,0.04
IDC01,SKU071,181890.0,FillRate,0.929,0.98,↑ Boost,27.5,0.051
IDC01,SKU072,165807.0,FillRate,0.96,0.98,↑ Adjust,50.13,0.02
IDC01,SKU073,210147.0,FillRate,0.952,0.98,↑ Adjust,42.36,0.028
IDC01,SKU074,500000.0,FillRate,0.859,0.98,Max Capped,28.71,0.121
IDC01,SKU075,153009.0,FillRate,0.974,0.98,↑ Adjust,46.26,0.006
IDC01,SKU076,253497.0,FillRate,0.936,0.98,↑ Adjust,51.09,0.044
IDC01,SKU077,119904.0,FillRate,0.919,0.98,↑ Boost,13.59,0.061
IDC01,SKU078,159988.0,FillRate,0.973,0.98,↑ Adjust,48.37,0.007
IDC01,SKU079,31357.0,FillRate,0.988,0.98,Kept,35.55,-0.008
IDC01,SKU080,41778.0,FillRate,0.985,0.98,Kept,28.42,-0.005
IDC01,SKU081,80415.0,FillRate,0.955,0.98,↑ Adjust,24.31,0.025
IDC01,SKU082,500000.0,FillRate,0.74,0.98,Max Capped,37.62,0.24
IDC01,SKU083,36820.0,FillRate,0.986,0.98,Kept,25.05,-0.006
IDC01,SKU084,38517.0,FillRate,0.999,0.98,↓ Relax,54.59,-0.019
IDC01,SKU085,103520.0,FillRate,0.982,0.98,Kept,70.42,-0.002
IDC01,SKU086,147630.0,FillRate,0.956,0.98,↑ Adjust,29.76,0.024
IDC01,SKU087,108454.0,FillRate,0.952,0.98,↑ Adjust,32.79,0.028
IDC01,SKU088,75664.0,FillRate,0.985,0.98,Kept,51.47,-0.005
IDC01,SKU089,500000.0,FillRate,0.912,0.98,Max Capped,69.23,0.068
IDC01,SKU090,28089.0,FillRate,0.984,0.98,Kept,12.74,-0.004
IDC01,SKU091,180508.0,FillRate,0.977,0.98,↑ Adjust,72.77,0.003
IDC01,SKU092,52132.0,FillRate,0.977,0.98,↑ Adjust,15.76,0.003
IDC01,SKU093,232692.0,FillRate,0.95,0.98,↑ Adjust,46.9,0.03
IDC01,SKU094,115830.0,FillRate,0.98,0.98,Kept,78.8,-0.0
IDC01,SKU095,103698.0,FillRate,0.961,0.98,↑ Adjust,31.35,0.019
IDC01,SKU096,33328.0,FillRate,0.99,0.98,↓ Relax,28.34,-0.01
IDC01,SKU097,39579.0,FillRate,0.999,0.98,↓ Relax,56.09,-0.019
IDC01,SKU098,424032.0,FillRate,0.91,0.98,↑ Boost,48.08,0.07
IDC01,SKU099,98546.0,FillRate,0.969,0.98,↑ Adjust,29.8,0.011
IDC01,SKU100,365004.0,FillRate,0.909,0.98,↑ Boost,41.38,0.071
RDC01,SKU005,3360.0,CSL,0.977,0.95,↓ Relax,23.02,-0.027
RDC01,SKU008,6650.0,CSL,1.0,0.95,↓ Relax,45.57,-0.05
RDC01,SKU010,4847.0,CSL,0.967,0.95,Kept,21.26,-0.017
RDC01,SKU012,2330.0,CSL,0.971,0.95,↓ Relax,12.77,-0.021
RDC01,SKU013,7110.0,CSL,1.0,0.95,↓ Relax,48.72,-0.05
RDC01,SKU015,6748.0,CSL,0.968,0.95,Kept,37.0,-0.018
RDC01,SKU016,4394.0,CSL,1.0,0.95,↓ Relax,30.12,-0.05
RDC01,SKU019,4938.0,CSL,0.984,0.95,↓ Relax,33.84,-0.034
RDC01,SKU021,7718.0,CSL,0.965,0.95,Kept,42.31,-0.015
RDC01,SKU024,6226.0,CSL,0.984,0.95,↓ Relax,42.67,-0.034
RDC01,SKU025,11136.0,CSL,0.961,0.95,Kept,48.84,-0.011
RDC01,SKU026,3886.0,CSL,0.974,0.95,↓ Relax,21.3,-0.024
RDC01,SKU028,2505.0,CSL,0.968,0.95,Kept,10.99,-0.018
RDC01,SKU029,5877.0,CSL,0.98,0.95,↓ Relax,40.27,-0.03
RDC01,SKU030,6425.0,CSL,0.978,0.95,↓ Relax,44.03,-0.028
RDC01,SKU031,5126.0,CSL,0.977,0.95,↓ Relax,35.13,-0.027
RDC01,SKU032,10010.0,CSL,0.978,0.95,↓ Relax,68.6,-0.028
RDC01,SKU033,3859.0,CSL,1.0,0.95,↓ Relax,26.45,-0.05
RDC01,SKU038,9583.0,CSL,0.994,0.95,↓ Relax,65.68,-0.044
RDC01,SKU040,8005.0,CSL,0.967,0.95,Kept,43.89,-0.017
RDC01,SKU042,8721.0,CSL,1.0,0.95,↓ Relax,59.77,-0.05
RDC01,SKU047,2602.0,CSL,0.974,0.95,↓ Relax,17.83,-0.024
RDC01,SKU048,6242.0,CSL,0.968,0.95,Kept,34.22,-0.018
RDC01,SKU054,9211.0,CSL,0.978,0.95,↓ Relax,13.47,-0.028
RDC01,SKU055,10658.0,CSL,0.966,0.95,Kept,58.43,-0.016
RDC01,SKU060,5723.0,CSL,0.989,0.95,↓ Relax,39.22,-0.039
RDC01,SKU062,4123.0,CSL,0.971,0.95,↓ Relax,28.25,-0.021
RDC01,SKU063,6780.0,CSL,0.987,0.95,↓ Relax,46.46,-0.037
RDC01,SKU064,4970.0,CSL,0.999,0.95,↓ Relax,34.06,-0.049
RDC01,SKU065,6044.0,CSL,0.96,0.95,Kept,33.14,-0.01
RDC01,SKU067,4402.0,CSL,0.973,0.95,↓ Relax,30.17,-0.023
RDC01,SKU069,7639.0,CSL,1.0,0.95,↓ Relax,52.35,-0.05
RDC01,SKU070,7179.0,CSL,0.996,0.95,↓ Relax,49.2,-0.046
RDC01,SKU072,9144.0,CSL,0.978,0.95,↓ Relax,50.13,-0.028
RDC01,SKU073,6181.0,CSL,1.0,0.95,↓ Relax,42.36,-0.05
RDC01,SKU076,7456.0,CSL,1.0,0.95,↓ Relax,51.09,-0.05
RDC01,SKU079,5188.0,CSL,1.0,0.95,↓ Relax,35.55,-0.05
RDC01,SKU080,5184.0,CSL,0.97,0.95,Kept,28.42,-0.02
RDC01,SKU082,34312.0,CSL,0.879,0.95,↑ Boost,37.62,0.071
RDC01,SKU084,9957.0,CSL,0.969,0.95,Kept,54.59,-0.019
RDC01,SKU085,10276.0,CSL,1.0,0.95,↓ Relax,70.42,-0.05
RDC01,SKU086,5427.0,CSL,0.971,0.95,↓ Relax,29.76,-0.021
RDC01,SKU087,4785.0,CSL,1.0,0.95,↓ Relax,32.79,-0.05
RDC01,SKU088,7511.0,CSL,0.971,0.95,↓ Relax,51.47,-0.021
RDC01,SKU089,10101.0,CSL,0.993,0.95,↓ Relax,69.23,-0.043
RDC01,SKU093,6844.0,CSL,1.0,0.95,↓ Relax,46.9,-0.05
RDC01,SKU097,8185.0,CSL,1.0,0.95,↓ Relax,56.09,-0.05
RDC01,SKU098,7016.0,CSL,0.994,0.95,↓ Relax,48.08,-0.044
RDC01,SKU099,4348.0,CSL,0.999,0.95,↓ Relax,29.8,-0.049
RDC02,SKU001,9401.0,CSL,0.968,0.95,Kept,51.54,-0.018
RDC02,SKU002,3565.0,CSL,0.974,0.95,↓ Relax,24.43,-0.024
RDC02,SKU005,3360.0,CSL,0.981,0.95,↓ Relax,23.02,-0.031
RDC02,SKU010,3102.0,CSL,0.991,0.95,↓ Relax,21.26,-0.041
RDC02,SKU017,5205.0,CSL,0.971,0.95,↓ Relax,35.67,-0.021
RDC02,SKU019,4938.0,CSL,0.987,0.95,↓ Relax,33.84,-0.037
RDC02,SKU020,4891.0,CSL,0.975,0.95,↓ Relax,26.82,-0.025
RDC02,SKU023,4319.0,CSL,0.974,0.95,↓ Relax,29.6,-0.024
RDC02,SKU024,6226.0,CSL,0.984,0.95,↓ Relax,42.67,-0.034
RDC02,SKU025,7127.0,CSL,0.989,0.95,↓ Relax,48.84,-0.039
RDC02,SKU026,3109.0,CSL,0.98,0.95,↓ Relax,21.3,-0.03
RDC02,SKU028,2505.0,CSL,0.967,0.95,Kept,10.99,-0.017
RDC02,SKU030,10039.0,CSL,0.961,0.95,Kept,44.03,-0.011
RDC02,SKU032,10010.0,CSL,0.977,0.95,↓ Relax,68.6,-0.027
RDC02,SKU035,10097.0,CSL,0.967,0.95,Kept,44.28,-0.017
RDC02,SKU036,12670.0,CSL,0.958,0.95,Kept,55.57,-0.008
RDC02,SKU037,10146.0,CSL,0.985,0.95,↓ Relax,69.53,-0.035
RDC02,SKU038,9583.0,CSL,0.971,0.95,↓ Relax,65.68,-0.021
RDC02,SKU040,6404.0,CSL,0.974,0.95,↓ Relax,43.89,-0.024
RDC02,SKU041,9986.0,CSL,0.963,0.95,Kept,54.75,-0.013
RDC02,SKU043,3739.0,CSL,0.972,0.95,↓ Relax,25.63,-0.022
RDC02,SKU045,8407.0,CSL,0.99,0.95,↓ Relax,57.62,-0.04
RDC02,SKU047,2602.0,CSL,0.998,0.95,↓ Relax,17.83,-0.048
RDC02,SKU051,6042.0,CSL,0.971,0.95,↓ Relax,41.4,-0.021
RDC02,SKU053,1624.0,CSL,1.0,0.95,↓ Relax,11.13,-0.05
RDC02,SKU055,8526.0,CSL,0.977,0.95,↓ Relax,58.43,-0.027
RDC02,SKU056,2926.0,CSL,1.0,0.95,↓ Relax,20.05,-0.05
RDC02,SKU057,9809.0,CSL,0.966,0.95,Kept,53.78,-0.016
RDC02,SKU059,6581.0,CSL,0.998,0.95,↓ Relax,45.09,-0.048
RDC02,SKU060,7154.0,CSL,0.956,0.95,Kept,39.22,-0.006
RDC02,SKU061,8234.0,CSL,0.968,0.95,Kept,36.11,-0.018
RDC02,SKU062,4123.0,CSL,0.998,0.95,↓ Relax,28.25,-0.048
RDC02,SKU064,4970.0,CSL,0.973,0.95,↓ Relax,34.06,-0.023
RDC02,SKU065,6044.0,CSL,0.967,0.95,Kept,33.14,-0.017
RDC02,SKU069,7639.0,CSL,1.0,0.95,↓ Relax,52.35,-0.05
RDC02,SKU070,8974.0,CSL,0.973,0.95,↓ Relax,49.2,-0.023
RDC02,SKU071,4012.0,CSL,0.993,0.95,↓ Relax,27.5,-0.043
RDC02,SKU072,7315.0,CSL,0.976,0.95,↓ Relax,50.13,-0.026
RDC02,SKU074,4190.0,CSL,0.992,0.95,↓ Relax,28.71,-0.042
RDC02,SKU075,6750.0,CSL,1.0,0.95,↓ Relax,46.26,-0.05
RDC02,SKU076,9320.0,CSL,0.967,0.95,Kept,51.09,-0.017
RDC02,SKU077,2479.0,CSL,0.973,0.95,↓ Relax,13.59,-0.023
RDC02,SKU080,5184.0,CSL,0.98,0.95,↓ Relax,28.42,-0.03
RDC02,SKU081,3547.0,CSL,0.993,0.95,↓ Relax,24.31,-0.043
RDC02,SKU082,25734.0,CSL,0.922,0.95,↑ Adjust,37.62,0.028
RDC02,SKU083,3654.0,CSL,0.972,0.95,↓ Relax,25.05,-0.022
RDC02,SKU085,10276.0,CSL,1.0,0.95,↓ Relax,70.42,-0.05
RDC02,SKU086,4342.0,CSL,0.996,0.95,↓ Relax,29.76,-0.046
RDC02,SKU087,5981.0,CSL,0.963,0.95,Kept,32.79,-0.013
RDC02,SKU091,13273.0,CSL,0.977,0.95,↓ Relax,72.77,-0.027
RDC02,SKU092,2300.0,CSL,0.979,0.95,↓ Relax,15.76,-0.029
RDC02,SKU093,6844.0,CSL,0.971,0.95,↓ Relax,46.9,-0.021
RDC02,SKU095,5719.0,CSL,0.967,0.95,Kept,31.35,-0.017
RDC02,SKU096,4136.0,CSL,0.974,0.95,↓ Relax,28.34,-0.024
RDC02,SKU099,4348.0,CSL,1.0,0.95,↓ Relax,29.8,-0.05
RDC03,SKU003,9158.0,CSL,0.975,0.95,↓ Relax,62.76,-0.025
RDC03,SKU004,4430.0,CSL,0.998,0.95,↓ Relax,30.36,-0.048
RDC03,SKU006,6033.0,CSL,0.975,0.95,↓ Relax,33.07,-0.025
RDC03,SKU009,4962.0,CSL,1.0,0.95,↓ Relax,34.01,-0.05
RDC03,SKU011,6034.0,CSL,1.0,0.95,↓ Relax,41.35,-0.05
RDC03,SKU013,8887.0,CSL,0.974,0.95,↓ Relax,48.72,-0.024
RDC03,SKU014,9043.0,CSL,0.969,0.95,Kept,49.58,-0.019
RDC03,SKU017,5205.0,CSL,0.999,0.95,↓ Relax,35.67,-0.049
RDC03,SKU019,11574.0,CSL,0.964,0.95,Kept,33.84,-0.014
RDC03,SKU020,3913.0,CSL,0.992,0.95,↓ Relax,26.82,-0.042
RDC03,SKU022,7497.0,CSL,0.999,0.95,↓ Relax,51.38,-0.049
RDC03,SKU024,9729.0,CSL,0.967,0.95,Kept,42.67,-0.017
RDC03,SKU028,2505.0,CSL,0.963,0.95,Kept,10.99,-0.013
RDC03,SKU030,6425.0,CSL,0.99,0.95,↓ Relax,44.03,-0.04
RDC03,SKU032,15640.0,CSL,0.967,0.95,Kept,68.6,-0.017
RDC03,SKU034,3721.0,CSL,0.973,0.95,↓ Relax,25.5,-0.023
RDC03,SKU036,10136.0,CSL,0.965,0.95,Kept,55.57,-0.015
RDC03,SKU039,5694.0,CSL,0.992,0.95,↓ Relax,39.02,-0.042
RDC03,SKU044,7776.0,CSL,0.97,0.95,Kept,34.1,-0.02
RDC03,SKU048,4994.0,CSL,0.998,0.95,↓ Relax,34.22,-0.048
RDC03,SKU051,6042.0,CSL,0.972,0.95,↓ Relax,41.4,-0.022
RDC03,SKU054,7369.0,CSL,0.985,0.95,↓ Relax,13.47,-0.035
RDC03,SKU062,4123.0,CSL,0.977,0.95,↓ Relax,28.25,-0.027
RDC03,SKU063,6780.0,CSL,0.984,0.95,↓ Relax,46.46,-0.034
RDC03,SKU064,4970.0,CSL,1.0,0.95,↓ Relax,34.06,-0.05
RDC03,SKU068,7424.0,CSL,1.0,0.95,↓ Relax,50.88,-0.05
RDC03,SKU069,7639.0,CSL,0.998,0.95,↓ Relax,52.35,-0.048
RDC03,SKU070,7179.0,CSL,0.982,0.95,↓ Relax,49.2,-0.032
RDC03,SKU071,4012.0,CSL,0.994,0.95,↓ Relax,27.5,-0.044
RDC03,SKU073,6181.0,CSL,1.0,0.95,↓ Relax,42.36,-0.05
RDC03,SKU074,4190.0,CSL,0.99,0.95,↓ Relax,28.71,-0.04
RDC03,SKU075,8438.0,CSL,0.969,0.95,Kept,46.26,-0.019
RDC03,SKU076,7456.0,CSL,1.0,0.95,↓ Relax,51.09,-0.05
RDC03,SKU077,1983.0,CSL,0.982,0.95,↓ Relax,13.59,-0.032
RDC03,SKU081,4434.0,CSL,0.966,0.95,Kept,24.31,-0.016
RDC03,SKU082,51468.0,CSL,0.883,0.95,↑ Boost,37.62,0.067
RDC03,SKU086,4342.0,CSL,0.991,0.95,↓ Relax,29.76,-0.041
RDC03,SKU089,10101.0,CSL,0.987,0.95,↓ Relax,69.23,-0.037
RDC03,SKU091,10618.0,CSL,1.0,0.95,↓ Relax,72.77,-0.05
RDC03,SKU095,4575.0,CSL,1.0,0.95,↓ Relax,31.35,-0.05
RDC03,SKU097,8185.0,CSL,0.973,0.95,↓ Relax,56.09,-0.023
RDC03,SKU098,7016.0,CSL,0.988,0.95,↓ Relax,48.08,-0.038
RDC03,SKU100,7548.0,CSL,0.972,0.95,↓ Relax,41.38,-0.022
RDC04,SKU002,3565.0,CSL,1.0,0.95,↓ Relax,24.43,-0.05
RDC04,SKU004,4430.0,CSL,0.998,0.95,↓ Relax,30.36,-0.048
RDC04,SKU009,4962.0,CSL,0.973,0.95,↓ Relax,34.01,-0.023
RDC04,SKU011,6034.0,CSL,0.974,0.95,↓ Relax,41.35,-0.024
RDC04,SKU012,1864.0,CSL,0.982,0.95,↓ Relax,12.77,-0.032
RDC04,SKU013,7110.0,CSL,1.0,0.95,↓ Relax,48.72,-0.05
RDC04,SKU016,4394.0,CSL,1.0,0.95,↓ Relax,30.12,-0.05
RDC04,SKU018,7023.0,CSL,0.971,0.95,↓ Relax,48.13,-0.021
RDC04,SKU022,9371.0,CSL,0.984,0.95,↓ Relax,51.38,-0.034
RDC04,SKU024,14594.0,CSL,0.965,0.95,Kept,42.67,-0.015
RDC04,SKU026,3109.0,CSL,0.971,0.95,↓ Relax,21.3,-0.021
RDC04,SKU028,1603.0,CSL,0.987,0.95,↓ Relax,10.99,-0.037
RDC04,SKU029,7346.0,CSL,0.962,0.95,Kept,40.27,-0.012
RDC04,SKU030,6425.0,CSL,0.986,0.95,↓ Relax,44.03,-0.036
RDC04,SKU032,10010.0,CSL,0.999,0.95,↓ Relax,68.6,-0.049
RDC04,SKU033,4824.0,CSL,0.975,0.95,↓ Relax,26.45,-0.025
RDC04,SKU037,12682.0,CSL,0.972,0.95,↓ Relax,69.53,-0.022
RDC04,SKU038,9583.0,CSL,0.99,0.95,↓ Relax,65.68,-0.04
RDC04,SKU039,5694.0,CSL,0.993,0.95,↓ Relax,39.02,-0.043
RDC04,SKU040,6404.0,CSL,0.999,0.95,↓ Relax,43.89,-0.049
RDC04,SKU042,10901.0,CSL,0.969,0.95,Kept,59.77,-0.019
RDC04,SKU043,3739.0,CSL,1.0,0.95,↓ Relax,25.63,-0.05
RDC04,SKU045,8407.0,CSL,0.983,0.95,↓ Relax,57.62,-0.033
RDC04,SKU048,4994.0,CSL,0.998,0.95,↓ Relax,34.22,-0.048
RDC04,SKU050,4014.0,CSL,0.978,0.95,↓ Relax,27.51,-0.028
RDC04,SKU051,6042.0,CSL,0.976,0.95,↓ Relax,41.4,-0.026
RDC04,SKU054,7369.0,CSL,0.984,0.95,↓ Relax,13.47,-0.034
RDC04,SKU058,6043.0,CSL,1.0,0.95,↓ Relax,41.41,-0.05
RDC04,SKU059,8226.0,CSL,0.978,0.95,↓ Relax,45.09,-0.028
RDC04,SKU060,8942.0,CSL,0.963,0.95,Kept,39.22,-0.013
RDC04,SKU061,5270.0,CSL,0.996,0.95,↓ Relax,36.11,-0.046
RDC04,SKU063,10594.0,CSL,0.956,0.95,Kept,46.46,-0.006
RDC04,SKU065,4835.0,CSL,0.987,0.95,↓ Relax,33.14,-0.037
RDC04,SKU068,9280.0,CSL,0.961,0.95,Kept,50.88,-0.011
RDC04,SKU069,9549.0,CSL,0.974,0.95,↓ Relax,52.35,-0.024
RDC04,SKU072,7315.0,CSL,1.0,0.95,↓ Relax,50.13,-0.05
RDC04,SKU073,9658.0,CSL,0.967,0.95,Kept,42.36,-0.017
RDC04,SKU075,6750.0,CSL,1.0,0.95,↓ Relax,46.26,-0.05
RDC04,SKU076,9320.0,CSL,0.968,0.95,Kept,51.09,-0.018
RDC04,SKU077,3099.0,CSL,0.964,0.95,Kept,13.59,-0.014
RDC04,SKU079,6485.0,CSL,0.965,0.95,Kept,35.55,-0.015
RDC04,SKU083,3654.0,CSL,0.972,0.95,↓ Relax,25.05,-0.022
RDC04,SKU085,10276.0,CSL,0.972,0.95,↓ Relax,70.42,-0.022
RDC04,SKU087,4785.0,CSL,1.0,0.95,↓ Relax,32.79,-0.05
RDC04,SKU088,7511.0,CSL,1.0,0.95,↓ Relax,51.47,-0.05
RDC04,SKU089,10101.0,CSL,0.981,0.95,↓ Relax,69.23,-0.031
RDC04,SKU090,1859.0,CSL,1.0,0.95,↓ Relax,12.74,-0.05
RDC04,SKU092,2300.0,CSL,1.0,0.95,↓ Relax,15.76,-0.05
RDC04,SKU094,11498.0,CSL,0.999,0.95,↓ Relax,78.8,-0.049
RDC04,SKU096,4136.0,CSL,1.0,0.95,↓ Relax,28.34,-0.05
RDC04,SKU098,7016.0,CSL,0.994,0.95,↓ Relax,48.08,-0.044
RDC04,SKU100,11794.0,CSL,0.956,0.95,Kept,41.38,-0.006
RDC05,SKU001,9401.0,CSL,0.968,0.95,Kept,51.54,-0.018
RDC05,SKU003,9158.0,CSL,1.0,0.95,↓ Relax,62.76,-0.05
RDC05,SKU005,3360.0,CSL,0.975,0.95,↓ Relax,23.02,-0.025
RDC05,SKU006,4826.0,CSL,0.973,0.95,↓ Relax,33.07,-0.023
RDC05,SKU008,8312.0,CSL,0.974,0.95,↓ Relax,45.57,-0.024
RDC05,SKU009,4962.0,CSL,1.0,0.95,↓ Relax,34.01,-0.05
RDC05,SKU012,1864.0,CSL,0.983,0.95,↓ Relax,12.77,-0.033
RDC05,SKU015,6748.0,CSL,0.973,0.95,↓ Relax,37.0,-0.023
RDC05,SKU017,5205.0,CSL,0.972,0.95,↓ Relax,35.67,-0.022
RDC05,SKU019,6173.0,CSL,0.97,0.95,↓ Relax,33.84,-0.02
RDC05,SKU020,3913.0,CSL,0.996,0.95,↓ Relax,26.82,-0.046
RDC05,SKU022,9371.0,CSL,0.961,0.95,Kept,51.38,-0.011
RDC05,SKU027,4430.0,CSL,0.967,0.95,Kept,24.29,-0.017
RDC05,SKU032,10010.0,CSL,0.974,0.95,↓ Relax,68.6,-0.024
RDC05,SKU033,3859.0,CSL,1.0,0.95,↓ Relax,26.45,-0.05
RDC05,SKU034,3721.0,CSL,1.0,0.95,↓ Relax,25.5,-0.05
RDC05,SKU035,6462.0,CSL,0.985,0.95,↓ Relax,44.28,-0.035
RDC05,SKU036,12670.0,CSL,0.969,0.95,Kept,55.57,-0.019
RDC05,SKU037,12682.0,CSL,0.973,0.95,↓ Relax,69.53,-0.023
RDC05,SKU038,9583.0,CSL,0.971,0.95,↓ Relax,65.68,-0.021
RDC05,SKU039,5694.0,CSL,0.994,0.95,↓ Relax,39.02,-0.044
RDC05,SKU041,12483.0,CSL,0.962,0.95,Kept,54.75,-0.012
RDC05,SKU050,4014.0,CSL,1.0,0.95,↓ Relax,27.51,-0.05
RDC05,SKU052,5754.0,CSL,0.994,0.95,↓ Relax,39.43,-0.044
RDC05,SKU054,7369.0,CSL,0.986,0.95,↓ Relax,13.47,-0.036
RDC05,SKU056,2926.0,CSL,1.0,0.95,↓ Relax,20.05,-0.05
RDC05,SKU058,6043.0,CSL,0.98,0.95,↓ Relax,41.41,-0.03
RDC05,SKU061,5270.0,CSL,0.995,0.95,↓ Relax,36.11,-0.045
RDC05,SKU062,4123.0,CSL,0.979,0.95,↓ Relax,28.25,-0.029
RDC05,SKU063,10594.0,CSL,0.959,0.95,Kept,46.46,-0.009
RDC05,SKU064,4970.0,CSL,1.0,0.95,↓ Relax,34.06,-0.05
RDC05,SKU069,7639.0,CSL,0.999,0.95,↓ Relax,52.35,-0.049
RDC05,SKU070,8974.0,CSL,0.971,0.95,↓ Relax,49.2,-0.021
RDC05,SKU071,4012.0,CSL,0.991,0.95,↓ Relax,27.5,-0.041
RDC05,SKU072,11430.0,CSL,0.964,0.95,Kept,50.13,-0.014
RDC05,SKU073,6181.0,CSL,1.0,0.95,↓ Relax,42.36,-0.05
RDC05,SKU074,4190.0,CSL,0.986,0.95,↓ Relax,28.71,-0.036
RDC05,SKU077,1983.0,CSL,0.973,0.95,↓ Relax,13.59,-0.023
RDC05,SKU078,7058.0,CSL,1.0,0.95,↓ Relax,48.37,-0.05
RDC05,SKU079,5188.0,CSL,1.0,0.95,↓ Relax,35.55,-0.05
RDC05,SKU080,4147.0,CSL,1.0,0.95,↓ Relax,28.42,-0.05
RDC05,SKU081,4434.0,CSL,0.976,0.95,↓ Relax,24.31,-0.026
RDC05,SKU082,51468.0,CSL,0.89,0.95,↑ Boost,37.62,0.06
RDC05,SKU083,4568.0,CSL,0.984,0.95,↓ Relax,25.05,-0.034
RDC05,SKU084,7966.0,CSL,1.0,0.95,↓ Relax,54.59,-0.05
RDC05,SKU085,10276.0,CSL,0.978,0.95,↓ Relax,70.42,-0.028
RDC05,SKU087,5981.0,CSL,0.987,0.95,↓ Relax,32.79,-0.037
RDC05,SKU088,7511.0,CSL,1.0,0.95,↓ Relax,51.47,-0.05
RDC05,SKU089,10101.0,CSL,0.989,0.95,↓ Relax,69.23,-0.039
RDC05,SKU092,2300.0,CSL,1.0,0.95,↓ Relax,15.76,-0.05
RDC05,SKU096,4136.0,CSL,0.999,0.95,↓ Relax,28.34,-0.049
RDC05,SKU099,5435.0,CSL,0.968,0.95,Kept,29.8,-0.018
RDC06,SKU002,4456.0,CSL,0.979,0.95,↓ Relax,24.43,-0.029
RDC06,SKU005,3360.0,CSL,1.0,0.95,↓ Relax,23.02,-0.05
RDC06,SKU006,4826.0,CSL,1.0,0.95,↓ Relax,33.07,-0.05
RDC06,SKU008,6650.0,CSL,0.977,0.95,↓ Relax,45.57,-0.027
RDC06,SKU010,4847.0,CSL,0.966,0.95,Kept,21.26,-0.016
RDC06,SKU013,8887.0,CSL,0.975,0.95,↓ Relax,48.72,-0.025
RDC06,SKU014,7234.0,CSL,1.0,0.95,↓ Relax,49.58,-0.05
RDC06,SKU015,5398.0,CSL,0.995,0.95,↓ Relax,37.0,-0.045
RDC06,SKU017,6506.0,CSL,0.971,0.95,↓ Relax,35.67,-0.021
RDC06,SKU019,6173.0,CSL,0.975,0.95,↓ Relax,33.84,-0.025
RDC06,SKU023,4319.0,CSL,0.988,0.95,↓ Relax,29.6,-0.038
RDC06,SKU024,9729.0,CSL,0.952,0.95,Kept,42.67,-0.002
RDC06,SKU030,6425.0,CSL,0.975,0.95,↓ Relax,44.03,-0.025
RDC06,SKU035,6462.0,CSL,0.987,0.95,↓ Relax,44.28,-0.037
RDC06,SKU037,12682.0,CSL,0.969,0.95,Kept,69.53,-0.019
RDC06,SKU038,9583.0,CSL,0.999,0.95,↓ Relax,65.68,-0.049
RDC06,SKU039,5694.0,CSL,0.971,0.95,↓ Relax,39.02,-0.021
RDC06,SKU042,8721.0,CSL,1.0,0.95,↓ Relax,59.77,-0.05
RDC06,SKU044,4977.0,CSL,1.0,0.95,↓ Relax,34.1,-0.05
RDC06,SKU046,3610.0,CSL,0.998,0.95,↓ Relax,24.74,-0.048
RDC06,SKU049,3544.0,CSL,0.976,0.95,↓ Relax,24.29,-0.026
RDC06,SKU051,6042.0,CSL,0.975,0.95,↓ Relax,41.4,-0.025
RDC06,SKU052,7192.0,CSL,0.97,0.95,Kept,39.43,-0.02
RDC06,SKU054,2456.0,CSL,0.958,0.95,Kept,13.47,-0.008
RDC06,SKU056,2926.0,CSL,0.982,0.95,↓ Relax,20.05,-0.032
RDC06,SKU057,9809.0,CSL,0.963,0.95,Kept,53.78,-0.013
RDC06,SKU062,6442.0,CSL,0.966,0.95,Kept,28.25,-0.016
RDC06,SKU063,12713.0,CSL,0.971,0.95,↓ Relax,46.46,-0.021
RDC06,SKU065,6044.0,CSL,0.965,0.95,Kept,33.14,-0.015
RDC06,SKU066,4318.0,CSL,1.0,0.95,↓ Relax,29.6,-0.05
RDC06,SKU070,7179.0,CSL,1.0,0.95,↓ Relax,49.2,-0.05
RDC06,SKU071,5015.0,CSL,0.969,0.95,Kept,27.5,-0.019
RDC06,SKU072,9144.0,CSL,0.977,0.95,↓ Relax,50.13,-0.027
RDC06,SKU073,6181.0,CSL,0.98,0.95,↓ Relax,42.36,-0.03
RDC06,SKU074,6546.0,CSL,0.966,0.95,Kept,28.71,-0.016
RDC06,SKU075,6750.0,CSL,0.999,0.95,↓ Relax,46.26,-0.049
RDC06,SKU076,7456.0,CSL,0.993,0.95,↓ Relax,51.09,-0.043
RDC06,SKU077,1983.0,CSL,0.973,0.95,↓ Relax,13.59,-0.023
RDC06,SKU080,5184.0,CSL,0.966,0.95,Kept,28.42,-0.016
RDC06,SKU082,25734.0,CSL,0.909,0.95,↑ Adjust,37.62,0.041
RDC06,SKU085,10276.0,CSL,1.0,0.95,↓ Relax,70.42,-0.05
RDC06,SKU089,10101.0,CSL,0.981,0.95,↓ Relax,69.23,-0.031
RDC06,SKU092,2300.0,CSL,0.978,0.95,↓ Relax,15.76,-0.028
RDC06,SKU093,6844.0,CSL,0.996,0.95,↓ Relax,46.9,-0.046
RDC06,SKU096,4136.0,CSL,1.0,0.95,↓ Relax,28.34,-0.05
RDC06,SKU098,10962.0,CSL,0.962,0.95,Kept,48.08,-0.012
RDC06,SKU099,5435.0,CSL,0.963,0.95,Kept,29.8,-0.013
RDC06,SKU100,11794.0,CSL,0.969,0.95,Kept,41.38,-0.019
RDC07,SKU003,11447.0,CSL,0.976,0.95,↓ Relax,62.76,-0.026
RDC07,SKU007,6144.0,CSL,0.979,0.95,↓ Relax,33.68,-0.029
RDC07,SKU009,6203.0,CSL,0.973,0.95,↓ Relax,34.01,-0.023
RDC07,SKU015,6748.0,CSL,0.955,0.95,Kept,37.0,-0.005
RDC07,SKU016,5493.0,CSL,0.966,0.95,Kept,30.12,-0.016
RDC07,SKU020,3913.0,CSL,1.0,0.95,↓ Relax,26.82,-0.05
RDC07,SKU021,6174.0,CSL,1.0,0.95,↓ Relax,42.31,-0.05
RDC07,SKU022,7497.0,CSL,0.975,0.95,↓ Relax,51.38,-0.025
RDC07,SKU024,9729.0,CSL,0.967,0.95,Kept,42.67,-0.017
RDC07,SKU026,3886.0,CSL,0.966,0.95,Kept,21.3,-0.016
RDC07,SKU027,4430.0,CSL,0.964,0.95,Kept,24.29,-0.014
RDC07,SKU028,2505.0,CSL,0.963,0.95,Kept,10.99,-0.013
RDC07,SKU032,10010.0,CSL,0.996,0.95,↓ Relax,68.6,-0.046
RDC07,SKU036,10136.0,CSL,0.97,0.95,↓ Relax,55.57,-0.02
RDC07,SKU037,10146.0,CSL,0.978,0.95,↓ Relax,69.53,-0.028
RDC07,SKU039,8897.0,CSL,0.963,0.95,Kept,39.02,-0.013
RDC07,SKU040,8005.0,CSL,0.963,0.95,Kept,43.89,-0.013
RDC07,SKU042,8721.0,CSL,1.0,0.95,↓ Relax,59.77,-0.05
RDC07,SKU043,4674.0,CSL,0.976,0.95,↓ Relax,25.63,-0.026
RDC07,SKU044,4977.0,CSL,0.973,0.95,↓ Relax,34.1,-0.023
RDC07,SKU048,4994.0,CSL,1.0,0.95,↓ Relax,34.22,-0.05
RDC07,SKU052,7192.0,CSL,0.963,0.95,Kept,39.43,-0.013
RDC07,SKU053,1624.0,CSL,1.0,0.95,↓ Relax,11.13,-0.05
RDC07,SKU058,6043.0,CSL,1.0,0.95,↓ Relax,41.41,-0.05
RDC07,SKU060,7154.0,CSL,0.962,0.95,Kept,39.22,-0.012
RDC07,SKU062,4123.0,CSL,0.991,0.95,↓ Relax,28.25,-0.041
RDC07,SKU063,8475.0,CSL,0.981,0.95,↓ Relax,46.46,-0.031
RDC07,SKU065,4835.0,CSL,0.998,0.95,↓ Relax,33.14,-0.048
RDC07,SKU069,7639.0,CSL,0.993,0.95,↓ Relax,52.35,-0.043
RDC07,SKU070,7179.0,CSL,1.0,0.95,↓ Relax,49.2,-0.05
RDC07,SKU071,6269.0,CSL,0.966,0.95,Kept,27.5,-0.016
RDC07,SKU073,7726.0,CSL,0.972,0.95,↓ Relax,42.36,-0.022
RDC07,SKU074,6546.0,CSL,0.952,0.95,Kept,28.71,-0.002
RDC07,SKU075,8438.0,CSL,0.969,0.95,Kept,46.26,-0.019
RDC07,SKU076,7456.0,CSL,0.987,0.95,↓ Relax,51.09,-0.037
RDC07,SKU077,1983.0,CSL,0.996,0.95,↓ Relax,13.59,-0.046
RDC07,SKU078,7058.0,CSL,1.0,0.95,↓ Relax,48.37,-0.05
RDC07,SKU081,3547.0,CSL,1.0,0.95,↓ Relax,24.31,-0.05
RDC07,SKU082,25734.0,CSL,0.913,0.95,↑ Adjust,37.62,0.037
RDC07,SKU083,3654.0,CSL,0.977,0.95,↓ Relax,25.05,-0.027
RDC07,SKU085,10276.0,CSL,0.974,0.95,↓ Relax,70.42,-0.024
RDC07,SKU086,4342.0,CSL,0.999,0.95,↓ Relax,29.76,-0.049
RDC07,SKU087,5981.0,CSL,0.976,0.95,↓ Relax,32.79,-0.026
RDC07,SKU089,23675.0,CSL,0.976,0.95,↓ Relax,69.23,-0.026
RDC07,SKU092,2300.0,CSL,1.0,0.95,↓ Relax,15.76,-0.05
RDC07,SKU093,6844.0,CSL,0.997,0.95,↓ Relax,46.9,-0.047
RDC07,SKU096,4136.0,CSL,1.0,0.95,↓ Relax,28.34,-0.05
RDC07,SKU099,5435.0,CSL,0.967,0.95,Kept,29.8,-0.017
RDC07,SKU100,7548.0,CSL,0.981,0.95,↓ Relax,41.38,-0.031
RDC08,SKU005,3360.0,CSL,1.0,0.95,↓ Relax,23.02,-0.05
RDC08,SKU007,4915.0,CSL,1.0,0.95,↓ Relax,33.68,-0.05
RDC08,SKU008,8312.0,CSL,0.963,0.95,Kept,45.57,-0.013
RDC08,SKU009,4962.0,CSL,0.999,0.95,↓ Relax,34.01,-0.049
RDC08,SKU010,3102.0,CSL,0.988,0.95,↓ Relax,21.26,-0.038
RDC08,SKU013,7110.0,CSL,1.0,0.95,↓ Relax,48.72,-0.05
RDC08,SKU015,6748.0,CSL,0.976,0.95,↓ Relax,37.0,-0.026
RDC08,SKU016,4394.0,CSL,1.0,0.95,↓ Relax,30.12,-0.05
RDC08,SKU017,12200.0,CSL,0.962,0.95,Kept,35.67,-0.012
RDC08,SKU018,7023.0,CSL,1.0,0.95,↓ Relax,48.13,-0.05
RDC08,SKU019,4938.0,CSL,0.993,0.95,↓ Relax,33.84,-0.043
RDC08,SKU020,3913.0,CSL,1.0,0.95,↓ Relax,26.82,-0.05
RDC08,SKU022,9371.0,CSL,0.965,0.95,Kept,51.38,-0.015
RDC08,SKU025,11136.0,CSL,0.968,0.95,Kept,48.84,-0.018
RDC08,SKU026,3109.0,CSL,0.985,0.95,↓ Relax,21.3,-0.035
RDC08,SKU028,2505.0,CSL,0.968,0.95,Kept,10.99,-0.018
RDC08,SKU030,6425.0,CSL,0.998,0.95,↓ Relax,44.03,-0.048
RDC08,SKU031,5126.0,CSL,0.973,0.95,↓ Relax,35.13,-0.023
RDC08,SKU032,12512.0,CSL,0.959,0.95,Kept,68.6,-0.009
RDC08,SKU033,3859.0,CSL,0.975,0.95,↓ Relax,26.45,-0.025
RDC08,SKU034,3721.0,CSL,0.994,0.95,↓ Relax,25.5,-0.044
RDC08,SKU035,8078.0,CSL,0.978,0.95,↓ Relax,44.28,-0.028
RDC08,SKU040,6404.0,CSL,0.999,0.95,↓ Relax,43.89,-0.049
RDC08,SKU045,8407.0,CSL,0.993,0.95,↓ Relax,57.62,-0.043
RDC08,SKU046,3610.0,CSL,0.998,0.95,↓ Relax,24.74,-0.048
RDC08,SKU049,4430.0,CSL,0.967,0.95,Kept,24.29,-0.017
RDC08,SKU052,7192.0,CSL,0.961,0.95,Kept,39.43,-0.011
RDC08,SKU053,3045.0,CSL,0.949,0.95,↑ Adjust,11.13,0.001
RDC08,SKU054,1965.0,CSL,1.0,0.95,↓ Relax,13.47,-0.05
RDC08,SKU056,2926.0,CSL,1.0,0.95,↓ Relax,20.05,-0.05
RDC08,SKU057,9809.0,CSL,0.965,0.95,Kept,53.78,-0.015
RDC08,SKU059,6581.0,CSL,0.977,0.95,↓ Relax,45.09,-0.027
RDC08,SKU061,5270.0,CSL,1.0,0.95,↓ Relax,36.11,-0.05
RDC08,SKU062,5154.0,CSL,0.975,0.95,↓ Relax,28.25,-0.025
RDC08,SKU064,4970.0,CSL,0.998,0.95,↓ Relax,34.06,-0.048
RDC08,SKU065,6044.0,CSL,0.975,0.95,↓ Relax,33.14,-0.025
RDC08,SKU066,4318.0,CSL,0.971,0.95,↓ Relax,29.6,-0.021
RDC08,SKU069,11936.0,CSL,0.964,0.95,Kept,52.35,-0.014
RDC08,SKU070,7179.0,CSL,1.0,0.95,↓ Relax,49.2,-0.05
RDC08,SKU071,4012.0,CSL,0.989,0.95,↓ Relax,27.5,-0.039
RDC08,SKU072,7315.0,CSL,0.995,0.95,↓ Relax,50.13,-0.045
RDC08,SKU073,6181.0,CSL,0.972,0.95,↓ Relax,42.36,-0.022
RDC08,SKU074,4190.0,CSL,0.985,0.95,↓ Relax,28.71,-0.035
RDC08,SKU075,6750.0,CSL,1.0,0.95,↓ Relax,46.26,-0.05
RDC08,SKU076,9320.0,CSL,0.976,0.95,↓ Relax,51.09,-0.026
RDC08,SKU077,1983.0,CSL,0.977,0.95,↓ Relax,13.59,-0.027
RDC08,SKU078,7058.0,CSL,1.0,0.95,↓ Relax,48.37,-0.05
RDC08,SKU090,1859.0,CSL,1.0,0.95,↓ Relax,12.74,-0.05
RDC08,SKU091,13273.0,CSL,0.96,0.95,Kept,72.77,-0.01
RDC08,SKU092,2875.0,CSL,0.963,0.95,Kept,15.76,-0.013
RDC08,SKU094,11498.0,CSL,1.0,0.95,↓ Relax,78.8,-0.05
RDC08,SKU100,17691.0,CSL,0.967,0.95,Kept,41.38,-0.017
RDC09,SKU002,3565.0,CSL,0.978,0.95,↓ Relax,24.43,-0.028
RDC09,SKU003,11447.0,CSL,0.966,0.95,Kept,62.76,-0.016
RDC09,SKU005,3360.0,CSL,1.0,0.95,↓ Relax,23.02,-0.05
RDC09,SKU009,4962.0,CSL,1.0,0.95,↓ Relax,34.01,-0.05
RDC09,SKU012,1864.0,CSL,0.984,0.95,↓ Relax,12.77,-0.034
RDC09,SKU015,5398.0,CSL,0.987,0.95,↓ Relax,37.0,-0.037
RDC09,SKU017,6506.0,CSL,0.97,0.95,↓ Relax,35.67,-0.02
RDC09,SKU019,4938.0,CSL,0.99,0.95,↓ Relax,33.84,-0.04
RDC09,SKU021,6174.0,CSL,0.975,0.95,↓ Relax,42.31,-0.025
RDC09,SKU023,10124.0,CSL,0.948,0.95,↑ Adjust,29.6,0.002
RDC09,SKU025,7127.0,CSL,0.998,0.95,↓ Relax,48.84,-0.048
RDC09,SKU026,3886.0,CSL,0.965,0.95,Kept,21.3,-0.015
RDC09,SKU034,5814.0,CSL,0.965,0.95,Kept,25.5,-0.015
RDC09,SKU036,19005.0,CSL,0.964,0.95,Kept,55.57,-0.014
RDC09,SKU039,11121.0,CSL,0.956,0.95,Kept,39.02,-0.006
RDC09,SKU040,6404.0,CSL,0.999,0.95,↓ Relax,43.89,-0.049
RDC09,SKU043,3739.0,CSL,0.995,0.95,↓ Relax,25.63,-0.045
RDC09,SKU044,4977.0,CSL,1.0,0.95,↓ Relax,34.1,-0.05
RDC09,SKU045,8407.0,CSL,0.99,0.95,↓ Relax,57.62,-0.04
RDC09,SKU051,6042.0,CSL,0.999,0.95,↓ Relax,41.4,-0.049
RDC09,SKU053,2030.0,CSL,0.976,0.95,↓ Relax,11.13,-0.026
RDC09,SKU054,1965.0,CSL,0.999,0.95,↓ Relax,13.47,-0.049
RDC09,SKU059,8226.0,CSL,0.975,0.95,↓ Relax,45.09,-0.025
RDC09,SKU062,6442.0,CSL,0.957,0.95,Kept,28.25,-0.007
RDC09,SKU063,10594.0,CSL,0.957,0.95,Kept,46.46,-0.007
RDC09,SKU064,4970.0,CSL,0.997,0.95,↓ Relax,34.06,-0.047
RDC09,SKU065,4835.0,CSL,1.0,0.95,↓ Relax,33.14,-0.05
RDC09,SKU066,4318.0,CSL,1.0,0.95,↓ Relax,29.6,-0.05
RDC09,SKU067,4402.0,CSL,0.999,0.95,↓ Relax,30.17,-0.049
RDC09,SKU069,7639.0,CSL,0.986,0.95,↓ Relax,52.35,-0.036
RDC09,SKU071,6269.0,CSL,0.968,0.95,Kept,27.5,-0.018
RDC09,SKU072,7315.0,CSL,0.97,0.95,↓ Relax,50.13,-0.02
RDC09,SKU076,9320.0,CSL,0.967,0.95,Kept,51.09,-0.017
RDC09,SKU078,7058.0,CSL,1.0,0.95,↓ Relax,48.37,-0.05
RDC09,SKU079,5188.0,CSL,1.0,0.95,↓ Relax,35.55,-0.05
RDC09,SKU080,4147.0,CSL,1.0,0.95,↓ Relax,28.42,-0.05
RDC09,SKU081,3547.0,CSL,0.972,0.95,↓ Relax,24.31,-0.022
RDC09,SKU082,25734.0,CSL,0.934,0.95,↑ Adjust,37.62,0.016
RDC09,SKU085,10276.0,CSL,0.972,0.95,↓ Relax,70.42,-0.022
RDC09,SKU089,15783.0,CSL,0.979,0.95,↓ Relax,69.23,-0.029
RDC09,SKU092,2875.0,CSL,0.968,0.95,Kept,15.76,-0.018
RDC09,SKU096,5170.0,CSL,0.967,0.95,Kept,28.34,-0.017
RDC09,SKU098,7016.0,CSL,0.982,0.95,↓ Relax,48.08,-0.032
RDC09,SKU099,4348.0,CSL,1.0,0.95,↓ Relax,29.8,-0.05
RDC09,SKU100,17691.0,CSL,0.97,0.95,Kept,41.38,-0.02
RDC10,SKU001,7521.0,CSL,0.996,0.95,↓ Relax,51.54,-0.046
RDC10,SKU002,3565.0,CSL,1.0,0.95,↓ Relax,24.43,-0.05
RDC10,SKU006,4826.0,CSL,1.0,0.95,↓ Relax,33.07,-0.05
RDC10,SKU007,4915.0,CSL,1.0,0.95,↓ Relax,33.68,-0.05
RDC10,SKU008,6650.0,CSL,1.0,0.95,↓ Relax,45.57,-0.05
RDC10,SKU009,6203.0,CSL,0.961,0.95,Kept,34.01,-0.011
RDC10,SKU010,3102.0,CSL,0.987,0.95,↓ Relax,21.26,-0.037
RDC10,SKU013,8887.0,CSL,0.96,0.95,Kept,48.72,-0.01
RDC10,SKU015,6748.0,CSL,0.964,0.95,Kept,37.0,-0.014
RDC10,SKU017,8133.0,CSL,0.958,0.95,Kept,35.67,-0.008
RDC10,SKU019,4938.0,CSL,0.993,0.95,↓ Relax,33.84,-0.043
RDC10,SKU020,3913.0,CSL,0.971,0.95,↓ Relax,26.82,-0.021
RDC10,SKU023,4319.0,CSL,0.981,0.95,↓ Relax,29.6,-0.031
RDC10,SKU024,9729.0,CSL,0.96,0.95,Kept,42.67,-0.01
RDC10,SKU028,2004.0,CSL,0.974,0.95,↓ Relax,10.99,-0.024
RDC10,SKU030,6425.0,CSL,0.998,0.95,↓ Relax,44.03,-0.048
RDC10,SKU032,10010.0,CSL,0.996,0.95,↓ Relax,68.6,-0.046
RDC10,SKU035,10097.0,CSL,0.962,0.95,Kept,44.28,-0.012
RDC10,SKU036,8109.0,CSL,0.987,0.95,↓ Relax,55.57,-0.037
RDC10,SKU039,16682.0,CSL,0.956,0.95,Kept,39.02,-0.006
RDC10,SKU040,8005.0,CSL,0.964,0.95,Kept,43.89,-0.014
RDC10,SKU044,4977.0,CSL,0.973,0.95,↓ Relax,34.1,-0.023
RDC10,SKU048,4994.0,CSL,0.971,0.95,↓ Relax,34.22,-0.021
RDC10,SKU051,6042.0,CSL,1.0,0.95,↓ Relax,41.4,-0.05
RDC10,SKU052,7192.0,CSL,0.968,0.95,Kept,39.43,-0.018
RDC10,SKU054,1965.0,CSL,0.975,0.95,↓ Relax,13.47,-0.025
RDC10,SKU059,10282.0,CSL,0.965,0.95,Kept,45.09,-0.015
RDC10,SKU061,6587.0,CSL,0.962,0.95,Kept,36.11,-0.012
RDC10,SKU063,8475.0,CSL,0.972,0.95,↓ Relax,46.46,-0.022
RDC10,SKU070,7179.0,CSL,0.984,0.95,↓ Relax,49.2,-0.034
RDC10,SKU071,4012.0,CSL,0.981,0.95,↓ Relax,27.5,-0.031
RDC10,SKU072,7315.0,CSL,0.997,0.95,↓ Relax,50.13,-0.047
RDC10,SKU073,6181.0,CSL,0.993,0.95,↓ Relax,42.36,-0.043
RDC10,SKU074,9819.0,CSL,0.965,0.95,Kept,28.71,-0.015
RDC10,SKU082,34312.0,CSL,0.893,0.95,↑ Boost,37.62,0.057
RDC10,SKU085,10276.0,CSL,1.0,0.95,↓ Relax,70.42,-0.05
RDC10,SKU087,5981.0,CSL,0.962,0.95,Kept,32.79,-0.012
RDC10,SKU088,9389.0,CSL,0.98,0.95,↓ Relax,51.47,-0.03
RDC10,SKU089,15783.0,CSL,0.981,0.95,↓ Relax,69.23,-0.031
RDC10,SKU090,2324.0,CSL,0.968,0.95,Kept,12.74,-0.018
RDC10,SKU092,2300.0,CSL,0.97,0.95,↓ Relax,15.76,-0.02
RDC10,SKU093,6844.0,CSL,0.997,0.95,↓ Relax,46.9,-0.047
RDC10,SKU096,5170.0,CSL,0.969,0.95,Kept,28.34,-0.019
RDC10,SKU098,7016.0,CSL,0.989,0.95,↓ Relax,48.08,-0.039
RDC10,SKU100,6038.0,CSL,0.981,0.95,↓ Relax,41.38,-0.031
